"Month","Year","State.Name","Humidity"
"April",2020,"Alabama","59.5060257121212"
"August",2020,"Alabama","71.876874637931"
"December",2020,"Alabama","72.0569444193548"
"February",2020,"Alabama","72.3792952528736"
"January",2020,"Alabama","69.7064785268817"
"July",2020,"Alabama","73.281927172043"
"June",2020,"Alabama","66.7907595714286"
"March",2020,"Alabama","71.353014311828"
"May",2020,"Alabama","59.6705654166667"
"November",2020,"Alabama","70.0160185111111"
"October",2020,"Alabama","73.9503623152174"
"September",2020,"Alabama","70.2317775"
"April",2020,"Alaska","60.2569444666667"
"August",2020,"Alaska","76.5564515483871"
"December",2020,"Alaska","78.9435483870968"
"February",2020,"Alaska","74.1249999655172"
"January",2020,"Alaska","74.4700209354839"
"July",2020,"Alaska","73.787634483871"
"June",2020,"Alaska","68.0791271"
"March",2020,"Alaska","65.4435483225806"
"May",2020,"Alaska","54.5295699354839"
"November",2020,"Alaska","77.3249999666667"
"October",2020,"Alaska","77.3602150645161"
"September",2020,"Alaska","79.0861111666667"
"April",2020,"Arizona","27.7745402060811"
"August",2020,"Arizona","28.8719086"
"December",2020,"Arizona","34.6713655376344"
"February",2020,"Arizona","44.4866763263158"
"January",2020,"Arizona","55.4532871774194"
"July",2020,"Arizona","29.733409283871"
"June",2020,"Arizona","15.9515096733333"
"March",2020,"Arizona","47.964937383871"
"May",2020,"Arizona","18.0239230032258"
"November",2020,"Arizona","32.4153198992248"
"October",2020,"Arizona","20.6809338422939"
"September",2020,"Arizona","24.7963406166667"
"April",2020,"Arkansas","29.5333333333333"
"August",2020,"Arkansas","27.8279570322581"
"December",2020,"Arkansas","27.9112903548387"
"February",2020,"Arkansas","29.0775862068966"
"January",2020,"Arkansas","30.6989247419355"
"July",2020,"Arkansas","27.8682795483871"
"June",2020,"Arkansas","29.3666666333333"
"March",2020,"Arkansas","29.7567204193548"
"May",2020,"Arkansas","28.8010753225806"
"November",2020,"Arkansas","28.4569444333333"
"October",2020,"Arkansas","30.1505376774194"
"September",2020,"Arkansas","30.5541666"
"April",2020,"California","60.325795478135"
"August",2020,"California","44.5761100020821"
"December",2020,"California","49.3150364280156"
"February",2020,"California","47.4945767217049"
"January",2020,"California","63.9943629571001"
"July",2020,"California","43.4956235955387"
"June",2020,"California","47.1611724602731"
"March",2020,"California","63.8659818064729"
"May",2020,"California","50.2544011167125"
"November",2020,"California","49.4370041219131"
"October",2020,"California","41.1346511353837"
"September",2020,"California","42.1530011888386"
"April",2020,"Colorado","41.7445917995283"
"August",2020,"Colorado","32.4818683763441"
"December",2020,"Colorado","55.3802383438045"
"February",2020,"Colorado","55.855826482684"
"January",2020,"Colorado","60.707658359596"
"July",2020,"Colorado","38.6760313628159"
"June",2020,"Colorado","33.4033687927063"
"March",2020,"Colorado","55.8088960590631"
"May",2020,"Colorado","38.8472875230769"
"November",2020,"Colorado","48.5668855925267"
"October",2020,"Colorado","39.5163518197574"
"September",2020,"Colorado","38.0787686363636"
"April",2020,"Connecticut","47.6485558920455"
"August",2020,"Connecticut","64.5343889777778"
"December",2020,"Connecticut","47.2781870913978"
"February",2020,"Connecticut","46.2444786551724"
"January",2020,"Connecticut","46.5258736451613"
"July",2020,"Connecticut","66.6504061612903"
"June",2020,"Connecticut","60.7646507777778"
"March",2020,"Connecticut","45.4010422722222"
"May",2020,"Connecticut","51.952508983871"
"November",2020,"Connecticut","52.25204125"
"October",2020,"Connecticut","59.9591904354839"
"September",2020,"Connecticut","60.7790257722222"
"April",2020,"Delaware","55.6828927666667"
"August",2020,"Delaware","69.7163978387097"
"December",2020,"Delaware","60.0161290645161"
"February",2020,"Delaware","59.4677637241379"
"January",2020,"Delaware","58.7820955862069"
"July",2020,"Delaware","64.8575268387097"
"June",2020,"Delaware","59.4180556"
"May",2020,"Delaware","59.2217742580645"
"November",2020,"Delaware","60.6513889666667"
"October",2020,"Delaware","70.2956989032258"
"September",2020,"Delaware","66.4777777"
"April",2020,"District Of Columbia","56.4333333666667"
"August",2020,"District Of Columbia","70.8368016290323"
"December",2020,"District Of Columbia","59.4483923898305"
"February",2020,"District Of Columbia","55.6075823448276"
"January",2020,"District Of Columbia","59.1034168571429"
"July",2020,"District Of Columbia","62.8747311935484"
"June",2020,"District Of Columbia","58.9700693666667"
"March",2020,"District Of Columbia","56.8463373548387"
"May",2020,"District Of Columbia","58.5484909516129"
"November",2020,"District Of Columbia","60.4697624166667"
"October",2020,"District Of Columbia","71.819603"
"September",2020,"District Of Columbia","68.8739620833333"
"April",2020,"Florida","72.3459653583333"
"August",2020,"Florida","83.8024475096154"
"December",2020,"Florida","78.1446791532258"
"February",2020,"Florida","79.8077548448276"
"January",2020,"Florida","76.4588592903226"
"July",2020,"Florida","82.6376344435484"
"June",2020,"Florida","79.188483092437"
"March",2020,"Florida","73.0414677868852"
"May",2020,"Florida","74.4778225645161"
"November",2020,"Florida","80.2988979583333"
"October",2020,"Florida","83.4966397822581"
"September",2020,"Florida","84.1428085583333"
"April",2020,"Georgia","66.7608836333333"
"August",2020,"Georgia","84.6015912949309"
"December",2020,"Georgia","77.5173422744186"
"February",2020,"Georgia","78.5859476157635"
"January",2020,"Georgia","72.9913293502304"
"July",2020,"Georgia","78.9238744027778"
"June",2020,"Georgia","78.3119998792271"
"March",2020,"Georgia","76.2949392073733"
"May",2020,"Georgia","72.3749870967742"
"November",2020,"Georgia","77.1345082475728"
"October",2020,"Georgia","83.0054444626866"
"September",2020,"Georgia","82.3005888932039"
"April",2020,"Hawaii","77.9722012"
"August",2020,"Hawaii","74.2553152903226"
"December",2020,"Hawaii","78.3393817419355"
"February",2020,"Hawaii","76.6630832068965"
"January",2020,"Hawaii","78.7715053709677"
"July",2020,"Hawaii","76.2298387580645"
"June",2020,"Hawaii","75.55679355"
"March",2020,"Hawaii","81.1862711290323"
"May",2020,"Hawaii","75.3118279677419"
"November",2020,"Hawaii","78.8722222333333"
"October",2020,"Hawaii","77.9542399193548"
"September",2020,"Hawaii","73.3564394166667"
"April",2020,"Idaho","53.1428710395833"
"August",2020,"Idaho","44.0159424129032"
"December",2020,"Idaho","73.0717737032258"
"February",2020,"Idaho","65.6725300382979"
"January",2020,"Idaho","75.2055669962049"
"July",2020,"Idaho","48.6454306653226"
"June",2020,"Idaho","61.8123939248434"
"March",2020,"Idaho","60.8548006895161"
"May",2020,"Idaho","58.5026317489879"
"November",2020,"Idaho","69.9455648377778"
"October",2020,"Idaho","58.8041895698925"
"September",2020,"Idaho","51.0071732666667"
"April",2020,"Illinois","62.9417154533333"
"August",2020,"Illinois","74.44790558"
"December",2020,"Illinois","64.2692488467742"
"February",2020,"Illinois","66.6262132965517"
"January",2020,"Illinois","71.2355950451613"
"July",2020,"Illinois","74.623364316129"
"June",2020,"Illinois","65.1876444751773"
"March",2020,"Illinois","69.8558972416107"
"May",2020,"Illinois","68.3237842903226"
"November",2020,"Illinois","62.9280465333333"
"October",2020,"Illinois","65.6625806693548"
"September",2020,"Illinois","71.48923555"
"April",2020,"Indiana","55.4796291913408"
"August",2020,"Indiana","71.5664884744624"
"December",2020,"Indiana","55.6717689825269"
"February",2020,"Indiana","55.030941498452"
"January",2020,"Indiana","58.412217368421"
"July",2020,"Indiana","73.3941838054795"
"June",2020,"Indiana","64.6339010716332"
"March",2020,"Indiana","59.2881484564033"
"May",2020,"Indiana","63.1001201251682"
"November",2020,"Indiana","55.2341694527778"
"October",2020,"Indiana","61.4029815275482"
"September",2020,"Indiana","66.6664940083333"
"April",2020,"Iowa","58.8786080791667"
"August",2020,"Iowa","67.7107044866071"
"December",2020,"Iowa","67.6536921013825"
"February",2020,"Iowa","62.32036325"
"January",2020,"Iowa","74.2399938548387"
"July",2020,"Iowa","72.0469899435484"
"June",2020,"Iowa","64.9742487563025"
"March",2020,"Iowa","66.6998105927419"
"May",2020,"Iowa","66.9317876693548"
"November",2020,"Iowa","63.402855047619"
"October",2020,"Iowa","61.3763102845528"
"September",2020,"Iowa","69.2433334583333"
"April",2020,"Kansas","60.1402778"
"August",2020,"Kansas","65.258754"
"December",2020,"Kansas","64.6655913870968"
"February",2020,"Kansas","62.4022989310345"
"January",2020,"Kansas","75.6518818064516"
"July",2020,"Kansas","69.5064282580645"
"June",2020,"Kansas","59.9402777333333"
"March",2020,"Kansas","65.7110799354839"
"May",2020,"Kansas","68.6936652258065"
"November",2020,"Kansas","60.5708333666667"
"October",2020,"Kansas","62.3024192258065"
"September",2020,"Kansas","69.6263888666667"
"April",2020,"Kentucky","63.0458333333333"
"August",2020,"Kentucky","77.8370295322581"
"December",2020,"Kentucky","72.5435105779816"
"February",2020,"Kentucky","70.5815373706897"
"January",2020,"Kentucky","70.7731124354839"
"July",2020,"Kentucky","74.2454790080645"
"June",2020,"Kentucky","68.368247675"
"March",2020,"Kentucky","67.0665322258065"
"May",2020,"Kentucky","70.8137534065041"
"November",2020,"Kentucky","66.549255975"
"October",2020,"Kentucky","76.0910618548387"
"September",2020,"Kentucky","75.7524305333333"
"April",2020,"Louisiana","69.4292270333333"
"August",2020,"Louisiana","70.649310483871"
"December",2020,"Louisiana","69.6854838709677"
"February",2020,"Louisiana","75.8472222068965"
"January",2020,"Louisiana","75.8790322903226"
"July",2020,"Louisiana","78.5456989677419"
"June",2020,"Louisiana","71.0333333"
"March",2020,"Louisiana","74.3814655517241"
"May",2020,"Louisiana","70.7526880645161"
"November",2020,"Louisiana","68.9058907586207"
"October",2020,"Louisiana","73.091886516129"
"September",2020,"Louisiana","73.9805556"
"April",2020,"Maine","68.8739942413793"
"August",2020,"Maine","74.584677483871"
"December",2020,"Maine","79.0360527818182"
"February",2020,"Maine","73.8067954827586"
"January",2020,"Maine","80.1754032580645"
"July",2020,"Maine","83.3133473548387"
"June",2020,"Maine","72.3687499666667"
"March",2020,"Maine","69.7418151639344"
"May",2020,"Maine","67.1202956774193"
"November",2020,"Maine","79.3722222333333"
"October",2020,"Maine","82.3282407777778"
"September",2020,"Maine","77.0247886333333"
"April",2020,"Maryland","59.7848238428291"
"August",2020,"Maryland","75.0691076451613"
"December",2020,"Maryland","63.9484463079848"
"February",2020,"Maryland","61.1198467109208"
"January",2020,"Maryland","64.3010523387097"
"July",2020,"Maryland","69.6167425181452"
"June",2020,"Maryland","64.6134408159509"
"March",2020,"Maryland","63.8373884482759"
"May",2020,"Maryland","62.7433165142315"
"November",2020,"Maryland","62.5477791"
"October",2020,"Maryland","74.6660491442125"
"September",2020,"Maryland","73.2358098235294"
"April",2020,"Massachusetts","63.5380620461538"
"August",2020,"Massachusetts","70.2540848908189"
"December",2020,"Massachusetts","70.3547237005348"
"February",2020,"Massachusetts","65.4973230212202"
"January",2020,"Massachusetts","65.8968717142857"
"July",2020,"Massachusetts","72.4600334639175"
"June",2020,"Massachusetts","68.3543803384615"
"March",2020,"Massachusetts","60.6135370818859"
"May",2020,"Massachusetts","61.248198203474"
"November",2020,"Massachusetts","69.6863144282051"
"October",2020,"Massachusetts","76.8765414466501"
"September",2020,"Massachusetts","71.1636668358974"
"April",2020,"Michigan","61.7600313703704"
"August",2020,"Michigan","64.6490247956989"
"December",2020,"Michigan","72.5129032451613"
"February",2020,"Michigan","67.8588300813954"
"January",2020,"Michigan","74.6404034673913"
"July",2020,"Michigan","62.9232377670251"
"June",2020,"Michigan","56.4941623888889"
"March",2020,"Michigan","69.298091609319"
"May",2020,"Michigan","60.7315010716846"
"November",2020,"Michigan","65.4090277966667"
"October",2020,"Michigan","68.3599679713262"
"September",2020,"Michigan","68.914969137037"
"April",2020,"Minnesota","60.55"
"August",2020,"Minnesota","73.7083333870968"
"December",2020,"Minnesota","83.5618279032258"
"February",2020,"Minnesota","71.5158045862069"
"January",2020,"Minnesota","86.827957"
"July",2020,"Minnesota","71.616935516129"
"June",2020,"Minnesota","67.8707730666667"
"March",2020,"Minnesota","68.2862902903226"
"May",2020,"Minnesota","58.4521889354839"
"November",2020,"Minnesota","76.8333333333333"
"October",2020,"Minnesota","75.9784529677419"
"September",2020,"Minnesota","75.9250000666667"
"April",2020,"Mississippi","62.7666666"
"August",2020,"Mississippi","65.3736559032258"
"December",2020,"Mississippi","76.7688172258065"
"February",2020,"Mississippi","76.7126436896552"
"January",2020,"Mississippi","79.1196236774194"
"July",2020,"Mississippi","67.9717741935484"
"June",2020,"Mississippi","62.5277778"
"March",2020,"Mississippi","66.1115591290323"
"May",2020,"Mississippi","63.6854838709677"
"November",2020,"Mississippi","68.7569444666667"
"October",2020,"Mississippi","69.993279516129"
"September",2020,"Mississippi","64.9569444"
"April",2020,"Missouri","61.7836529444444"
"August",2020,"Missouri","71.0918714082734"
"December",2020,"Missouri","67.8823364705882"
"February",2020,"Missouri","68.2030713384913"
"January",2020,"Missouri","75.9400323405018"
"July",2020,"Missouri","72.0640891723519"
"June",2020,"Missouri","63.9676828703704"
"March",2020,"Missouri","68.3471233082437"
"May",2020,"Missouri","70.7923458315412"
"November",2020,"Missouri","64.3722988007663"
"October",2020,"Missouri","67.3890675017921"
"September",2020,"Missouri","71.6140390018519"
"April",2020,"Montana","59.1697601333333"
"August",2020,"Montana","45.167155483871"
"December",2020,"Montana","71.6895160645161"
"February",2020,"Montana","68"
"January",2020,"Montana","73.9114822903226"
"July",2020,"Montana","51.8185483709677"
"June",2020,"Montana","64.0708333166667"
"March",2020,"Montana","65.4737903709677"
"May",2020,"Montana","62.9932795967742"
"November",2020,"Montana","70.0730555333333"
"October",2020,"Montana","58.3266128870968"
"September",2020,"Montana","49.5420454333333"
"April",2020,"Nebraska","58.6875"
"August",2020,"Nebraska","66.1722183548387"
"December",2020,"Nebraska","70.7970430645161"
"February",2020,"Nebraska","67.3491379310345"
"January",2020,"Nebraska","81.061828"
"July",2020,"Nebraska","68.1757246129032"
"June",2020,"Nebraska","61.0680556"
"March",2020,"Nebraska","71.470956"
"May",2020,"Nebraska","70.2514813870968"
"November",2020,"Nebraska","64.9941296206896"
"October",2020,"Nebraska","62.1586021612903"
"September",2020,"Nebraska","65.4999999333333"
"April",2020,"Nevada","40.5778381888889"
"August",2020,"Nevada","18.7227871397849"
"December",2020,"Nevada","51.3363959247312"
"February",2020,"Nevada","43.1696235402299"
"January",2020,"Nevada","54.8329437634409"
"July",2020,"Nevada","18.1881720430108"
"June",2020,"Nevada","24.5312198333333"
"March",2020,"Nevada","52.5695807849462"
"May",2020,"Nevada","27.8301971075269"
"November",2020,"Nevada","46.6607142666667"
"October",2020,"Nevada","27.2531361935484"
"September",2020,"Nevada","22.8941101444444"
"April",2020,"New Hampshire","64.5805555333333"
"August",2020,"New Hampshire","72.2551994516129"
"December",2020,"New Hampshire","74.0114246935484"
"February",2020,"New Hampshire","76.4005101071428"
"January",2020,"New Hampshire","77.1629637741935"
"July",2020,"New Hampshire","75.0421926612903"
"June",2020,"New Hampshire","69.2847222666667"
"March",2020,"New Hampshire","63.0009910819672"
"May",2020,"New Hampshire","61.3313171774194"
"November",2020,"New Hampshire","71.9291666666667"
"October",2020,"New Hampshire","79.6923291935484"
"September",2020,"New Hampshire","72.54719305"
"April",2020,"New Mexico","28.6449073888889"
"August",2020,"New Mexico","28.4520608924731"
"December",2020,"New Mexico","42.5739247096774"
"February",2020,"New Mexico","49.2794844482759"
"January",2020,"New Mexico","51.8122760107527"
"July",2020,"New Mexico","34.8830645376344"
"June",2020,"New Mexico","25.9259259333333"
"March",2020,"New Mexico","45.1758025376344"
"May",2020,"New Mexico","23.1644849784946"
"November",2020,"New Mexico","39.9518518666667"
"October",2020,"New Mexico","30.5866643010753"
"September",2020,"New Mexico","34.1248148"
"April",2020,"New York","65.0473743380952"
"February",2020,"New York","69.1321544670051"
"January",2020,"New York","70.6721583567568"
"March",2020,"New York","65.9283082546296"
"November",2020,"New York","68.5781049343066"
"April",2020,"North Carolina","60.7378225333333"
"August",2020,"North Carolina","80.0982517419355"
"December",2020,"North Carolina","74.2240142903226"
"February",2020,"North Carolina","70.0265017586207"
"January",2020,"North Carolina","69.5385141419355"
"July",2020,"North Carolina","65.392969844086"
"June",2020,"North Carolina","74.3488157666667"
"March",2020,"North Carolina","67.4104314774194"
"May",2020,"North Carolina","73.1066607532468"
"November",2020,"North Carolina","74.7436838555556"
"October",2020,"North Carolina","80.9494779623656"
"September",2020,"North Carolina","80.5055555666667"
"April",2020,"North Dakota","55.3255159166667"
"August",2020,"North Dakota","54.2203340725806"
"December",2020,"North Dakota","69.2714111290323"
"February",2020,"North Dakota","70.9037355948276"
"January",2020,"North Dakota","76.0941085564516"
"July",2020,"North Dakota","61.698349983871"
"June",2020,"North Dakota","57.6949663416667"
"March",2020,"North Dakota","68.9630376209677"
"May",2020,"North Dakota","59.8252688387097"
"November",2020,"North Dakota","65.9282636333333"
"October",2020,"North Dakota","64.7186198467742"
"September",2020,"North Dakota","54.4003892916667"
"April",2020,"Ohio","63.6459722555556"
"August",2020,"Ohio","69.9582183763441"
"December",2020,"Ohio","73.2134318924731"
"February",2020,"Ohio","73.0525823103448"
"January",2020,"Ohio","74.5070340860215"
"July",2020,"Ohio","67.5690652258065"
"June",2020,"Ohio","60.8388755444444"
"March",2020,"Ohio","71.4777777204301"
"May",2020,"Ohio","66.0925627634409"
"November",2020,"Ohio","64.4714702278481"
"October",2020,"Ohio","71.7433424456522"
"September",2020,"Ohio","68.7512499666667"
"April",2020,"Oklahoma","61.0605242972028"
"August",2020,"Oklahoma","65.0025887883683"
"December",2020,"Oklahoma","61.9529294857685"
"February",2020,"Oklahoma","61.299668559415"
"January",2020,"Oklahoma","67.7232704633731"
"July",2020,"Oklahoma","67.9596420346457"
"June",2020,"Oklahoma","59.6592163453608"
"March",2020,"Oklahoma","64.0200802410424"
"May",2020,"Oklahoma","67.0523596958763"
"November",2020,"Oklahoma","59.0783554709193"
"October",2020,"Oklahoma","64.0395216934046"
"September",2020,"Oklahoma","70.9444416613757"
"April",2020,"Oregon","58.3414764630542"
"August",2020,"Oregon","46.7953735023041"
"December",2020,"Oregon","77.7415514746544"
"February",2020,"Oregon","68.9427483118812"
"January",2020,"Oregon","80.1188055299539"
"July",2020,"Oregon","46.8959143225806"
"June",2020,"Oregon","58.6359040619048"
"March",2020,"Oregon","67.7667384285714"
"May",2020,"Oregon","60.5071108294931"
"November",2020,"Oregon","75.846969547619"
"October",2020,"Oregon","61.8054915345622"
"September",2020,"Oregon","52.7702776238095"
"April",2020,"Pennsylvania","59.1506185666667"
"August",2020,"Pennsylvania","67.3718675492958"
"December",2020,"Pennsylvania","68.0669134451613"
"February",2020,"Pennsylvania","64.3893278413793"
"January",2020,"Pennsylvania","66.3501062142857"
"July",2020,"Pennsylvania","63.752710283871"
"June",2020,"Pennsylvania","60.8582938266667"
"March",2020,"Pennsylvania","63.4620234774194"
"May",2020,"Pennsylvania","60.5036477354839"
"November",2020,"Pennsylvania","63.85868928"
"October",2020,"Pennsylvania","72.9010447105263"
"September",2020,"Pennsylvania","67.4414166733333"
"April",2020,"Rhode Island","64.5165700333333"
"August",2020,"Rhode Island","69.4008877362637"
"December",2020,"Rhode Island","76.8989598225807"
"February",2020,"Rhode Island","65.4633308965517"
"January",2020,"Rhode Island","65.5157783387097"
"July",2020,"Rhode Island","72.1659932365591"
"June",2020,"Rhode Island","70.0762278555556"
"March",2020,"Rhode Island","60.5485624032258"
"May",2020,"Rhode Island","61.4826145806452"
"November",2020,"Rhode Island","76.804235"
"October",2020,"Rhode Island","79.5990240967742"
"September",2020,"Rhode Island","67.6216238666667"
"April",2020,"South Carolina","63.0111111666667"
"August",2020,"South Carolina","83.075152"
"December",2020,"South Carolina","75.0739246129032"
"February",2020,"South Carolina","74.0316091724138"
"January",2020,"South Carolina","70.6505376451613"
"July",2020,"South Carolina","77.0282258387097"
"June",2020,"South Carolina","77.3553571666667"
"March",2020,"South Carolina","72.5268817419355"
"May",2020,"South Carolina","72.415322483871"
"November",2020,"South Carolina","76.880668952381"
"October",2020,"South Carolina","79.9408601935484"
"September",2020,"South Carolina","79.3940217666667"
"April",2020,"South Dakota","52.2444444666667"
"August",2020,"South Dakota","44.6680106774194"
"December",2020,"South Dakota","62.1729838548387"
"February",2020,"South Dakota","69.1886961724138"
"January",2020,"South Dakota","73.0466079677419"
"July",2020,"South Dakota","54.1841397741935"
"June",2020,"South Dakota","51.3236110333333"
"March",2020,"South Dakota","68.4817533103448"
"May",2020,"South Dakota","62.52666672"
"November",2020,"South Dakota","53.6718750535714"
"October",2020,"South Dakota","55.078853"
"September",2020,"South Dakota","40.6833333333333"
"April",2020,"Tennessee","66.7352884146341"
"August",2020,"Tennessee","84.2886278774194"
"December",2020,"Tennessee","72.0544835"
"February",2020,"Tennessee","77.4313937068966"
"January",2020,"Tennessee","74.7905914032258"
"July",2020,"Tennessee","80.6064399354839"
"June",2020,"Tennessee","80.1747538533333"
"March",2020,"Tennessee","73.4041116854839"
"May",2020,"Tennessee","75.3101762064516"
"November",2020,"Tennessee","62.93017675"
"October",2020,"Tennessee","77.7721119612903"
"September",2020,"Tennessee","82.52670456"
"April",2020,"Texas","52.941704473822"
"August",2020,"Texas","56.1112986445378"
"December",2020,"Texas","48.1018423134822"
"February",2020,"Texas","51.2435236935341"
"January",2020,"Texas","52.7854836117247"
"July",2020,"Texas","62.740293283751"
"June",2020,"Texas","57.0821081865864"
"March",2020,"Texas","59.5403923321709"
"May",2020,"Texas","55.4209343886572"
"November",2020,"Texas","52.3774811153846"
"October",2020,"Texas","54.2369099838188"
"September",2020,"Texas","60.7557846193434"
"April",2020,"Utah","42.9904890400729"
"August",2020,"Utah","26.1039123339041"
"December",2020,"Utah","60.6041792247511"
"February",2020,"Utah","57.7820064233577"
"January",2020,"Utah","71.8557482645051"
"July",2020,"Utah","30.0283240305603"
"June",2020,"Utah","35.5974630687161"
"March",2020,"Utah","57.2859684778157"
"May",2020,"Utah","35.0679563544974"
"November",2020,"Utah","52.8570455547445"
"October",2020,"Utah","35.5220713096591"
"September",2020,"Utah","33.208344898527"
"April",2020,"Vermont","58.2673593083333"
"August",2020,"Vermont","72.3563303852459"
"December",2020,"Vermont","71.4700941129032"
"February",2020,"Vermont","69.0039511551724"
"January",2020,"Vermont","72.5563785483871"
"July",2020,"Vermont","70.9805107419355"
"June",2020,"Vermont","66.844022838983"
"March",2020,"Vermont","61.485279766129"
"May",2020,"Vermont","57.5189393951613"
"November",2020,"Vermont","68.4535669083333"
"October",2020,"Vermont","73.3332238548387"
"September",2020,"Vermont","71.3197436186441"
"April",2020,"Virginia","63.9979813833333"
"August",2020,"Virginia","80.3298387580645"
"December",2020,"Virginia","70.8967473870968"
"February",2020,"Virginia","64.4343846206897"
"January",2020,"Virginia","69.2025545238095"
"July",2020,"Virginia","71.2608748870968"
"June",2020,"Virginia","70.9636519833333"
"March",2020,"Virginia","63.4150850645161"
"May",2020,"Virginia","71.029716"
"November",2020,"Virginia","67.69027775"
"October",2020,"Virginia","78.868876483871"
"September",2020,"Virginia","79.0371768333333"
"April",2020,"Washington","82.7291666666667"
"August",2020,"Washington","78.0329300806452"
"December",2020,"Washington","91.5232468035714"
"February",2020,"Washington","92.9274829310345"
"January",2020,"Washington","97.6875960322581"
"July",2020,"Washington","79.3545970212766"
"June",2020,"Washington","91.4844697"
"March",2020,"Washington","86.3191736451613"
"May",2020,"Washington","83.9933731666667"
"November",2020,"Washington","87.8137947288136"
"October",2020,"Washington","87.1952538870968"
"September",2020,"Washington","78.3673611333333"
"April",2020,"West Virginia","64.4791667"
"August",2020,"West Virginia","74.8709677419355"
"December",2020,"West Virginia","75.4569893548387"
"February",2020,"West Virginia","57.9458334"
"January",2020,"West Virginia","75.7842592222222"
"July",2020,"West Virginia","70.9556452258064"
"June",2020,"West Virginia","71.7333332666667"
"March",2020,"West Virginia","68.1263440322581"
"May",2020,"West Virginia","72.2513440645161"
"November",2020,"West Virginia","67.0180555"
"October",2020,"West Virginia","75.6633064516129"
"September",2020,"West Virginia","76.5430555"
"April",2020,"Wisconsin","68.0901215888889"
"August",2020,"Wisconsin","76.9073616931818"
"December",2020,"Wisconsin","80.3088954086022"
"February",2020,"Wisconsin","69.5094708505747"
"January",2020,"Wisconsin","83.518168827957"
"July",2020,"Wisconsin","76.2654908064516"
"June",2020,"Wisconsin","68.4900764444444"
"March",2020,"Wisconsin","76.3009194516129"
"May",2020,"Wisconsin","67.1060074731183"
"November",2020,"Wisconsin","73.4637400681818"
"October",2020,"Wisconsin","73.3664060322581"
"September",2020,"Wisconsin","78.3843751573034"
"April",2020,"Wyoming","56.3035300620915"
"August",2020,"Wyoming","33.8896203811442"
"December",2020,"Wyoming","67.3472524567686"
"February",2020,"Wyoming","72.0617738187445"
"January",2020,"Wyoming","72.1811979394185"
"July",2020,"Wyoming","39.4354148637097"
"June",2020,"Wyoming","48.8283930219512"
"March",2020,"Wyoming","69.5782777351974"
"May",2020,"Wyoming","54.2594673674272"
"November",2020,"Wyoming","56.6419736578708"
"October",2020,"Wyoming","50.7646507634501"
"September",2020,"Wyoming","41.0885157800687"
"May",2020,"New York","67.8716200701587"
"June",2020,"New York","67.8716200701587"
"July",2020,"New York","67.8716200701587"
"August",2020,"New York","67.8716200701587"
"September",2020,"New York","67.8716200701587"
"October",2020,"New York","67.8716200701587"
"December",2020,"New York","67.8716200701587"
"March",2020,"Delaware","62.2352273860822"
"April",2021,"Alabama","60.5690000111111"
"August",2021,"Alabama","73.4605327741936"
"December",2021,"Alabama","76.3476002826087"
"February",2021,"Alabama","72.031200297619"
"January",2021,"Alabama","70.761066311828"
"July",2021,"Alabama","74.0174730967742"
"June",2021,"Alabama","75.7297222333333"
"March",2021,"Alabama","65.8521872111111"
"May",2021,"Alabama","65.3014594606742"
"November",2021,"Alabama","67.2076776533333"
"October",2021,"Alabama","77.6572146129032"
"September",2021,"Alabama","72.0763888666667"
"April",2021,"Alaska","56.5277777333333"
"August",2021,"Alaska","78.9892472580645"
"December",2021,"Alaska","80.2338709677419"
"February",2021,"Alaska","72.1502976428571"
"January",2021,"Alaska","75.3091398709677"
"July",2021,"Alaska","65.6774192903226"
"June",2021,"Alaska","62.5055555"
"March",2021,"Alaska","66.9018817741936"
"May",2021,"Alaska","60.0564515806452"
"November",2021,"Alaska","77.9791667"
"October",2021,"Alaska","79.2943548709677"
"September",2021,"Alaska","72.4124999666667"
"April",2021,"Arizona","19.4078079566667"
"August",2021,"Arizona","50.7393246225806"
"December",2021,"Arizona","53.6297637483871"
"February",2021,"Arizona","28.2290178535714"
"January",2021,"Arizona","40.022939383871"
"July",2021,"Arizona","53.2422187677419"
"June",2021,"Arizona","17.8327020233333"
"March",2021,"Arizona","30.2536412612903"
"May",2021,"Arizona","14.5714320677419"
"November",2021,"Arizona","31.3388888733333"
"October",2021,"Arizona","35.8728964530744"
"September",2021,"Arizona","44.4743477"
"April",2021,"Arkansas","27.7152777666667"
"August",2021,"Arkansas","25.8884408387097"
"December",2021,"Arkansas","31.3790322903226"
"February",2021,"Arkansas","28.41666675"
"January",2021,"Arkansas","27.8696238387097"
"July",2021,"Arkansas","28.5456989032258"
"June",2021,"Arkansas","28.6805555666667"
"March",2021,"Arkansas","27.8387097419355"
"May",2021,"Arkansas","28.3225805806452"
"November",2021,"Arkansas","27.6486110333333"
"October",2021,"Arkansas","28.8158602903226"
"September",2021,"Arkansas","25.9625000333333"
"April",2021,"California","44.6717380380473"
"August",2021,"California","40.8756875570376"
"December",2021,"California","70.0990361017391"
"February",2021,"California","50.9196644158549"
"January",2021,"California","56.6775347357686"
"July",2021,"California","41.5537550592152"
"June",2021,"California","41.6094442306611"
"March",2021,"California","51.4641024159483"
"May",2021,"California","43.7565009091527"
"November",2021,"California","57.6353269986696"
"October",2021,"California","49.2462025871671"
"September",2021,"California","42.1747409329629"
"April",2021,"Colorado","40.7364823734513"
"August",2021,"Colorado","40.5645400120482"
"December",2021,"Colorado","53.2366981343805"
"February",2021,"Colorado","57.154302657845"
"January",2021,"Colorado","59.4570829168082"
"July",2021,"Colorado","46.1279692979452"
"June",2021,"Colorado","37.7797755168142"
"March",2021,"Colorado","54.4763690104712"
"May",2021,"Colorado","46.89742386927"
"November",2021,"Colorado","46.4125961789474"
"October",2021,"Colorado","50.8354098132428"
"September",2021,"Colorado","40.4583338263158"
"April",2021,"Connecticut","46.6522041111111"
"August",2021,"Connecticut","67.7007628055556"
"December",2021,"Connecticut","48.7022557048193"
"February",2021,"Connecticut","43.1473601845238"
"January",2021,"Connecticut","42.9991039354839"
"July",2021,"Connecticut","68.1555129418605"
"June",2021,"Connecticut","63.4887379166667"
"March",2021,"Connecticut","39.2073437473118"
"May",2021,"Connecticut","50.56967595"
"November",2021,"Connecticut","48.0563204555556"
"October",2021,"Connecticut","63.4827620483871"
"September",2021,"Connecticut","64.6032407333333"
"April",2021,"Delaware","50.9805555333333"
"August",2021,"Delaware","66.6115591290323"
"December",2021,"Delaware","56.7782257741936"
"February",2021,"Delaware","58.66815475"
"January",2021,"Delaware","54.1048386451613"
"July",2021,"Delaware","63.4782502580645"
"June",2021,"Delaware","64.2098343666667"
"March",2021,"Delaware","49.3924730967742"
"May",2021,"Delaware","52.1580972580645"
"November",2021,"Delaware","53.9430555333333"
"October",2021,"Delaware","69.1424731612903"
"September",2021,"Delaware","63.5097221666667"
"April",2021,"District Of Columbia","52.0432307333333"
"August",2021,"District Of Columbia","69.8050849354839"
"December",2021,"District Of Columbia","55.5722446612903"
"February",2021,"District Of Columbia","62.7694940357143"
"January",2021,"District Of Columbia","58.6783601774194"
"July",2021,"District Of Columbia","61.8911962903226"
"June",2021,"District Of Columbia","63.93856425"
"March",2021,"District Of Columbia","48.8444249516129"
"May",2021,"District Of Columbia","54.7850182580645"
"November",2021,"District Of Columbia","54.6878895166667"
"October",2021,"District Of Columbia","70.3603359836066"
"September",2021,"District Of Columbia","65.2137500333333"
"April",2021,"Florida","73.8408061666667"
"August",2021,"Florida","82.6999327580645"
"December",2021,"Florida","85.6293290330579"
"February",2021,"Florida","80.731058588785"
"January",2021,"Florida","79.1626343387097"
"July",2021,"Florida","82.7463245447154"
"June",2021,"Florida","81.6943093076923"
"March",2021,"Florida","76.0706278181818"
"May",2021,"Florida","72.0520876774194"
"November",2021,"Florida","78.4115214583333"
"October",2021,"Florida","80.2479838951613"
"September",2021,"Florida","83.6080766833333"
"April",2021,"Georgia","64.5266500333333"
"August",2021,"Georgia","86.7483380325581"
"December",2021,"Georgia","85.8291916792453"
"February",2021,"Georgia","77.2931908877551"
"January",2021,"Georgia","76.6225622949309"
"July",2021,"Georgia","85.8243072396313"
"June",2021,"Georgia","81.6146111857143"
"March",2021,"Georgia","69.0486803456221"
"May",2021,"Georgia","71.1996229447005"
"November",2021,"Georgia","71.641020152381"
"October",2021,"Georgia","86.2079842304148"
"September",2021,"Georgia","84.3872234333333"
"April",2021,"Hawaii","76.6711490333333"
"August",2021,"Hawaii","75.7399194193548"
"December",2021,"Hawaii","78.4776043387097"
"February",2021,"Hawaii","78.3952251607143"
"January",2021,"Hawaii","79.4697580645161"
"July",2021,"Hawaii","77.5853494354839"
"June",2021,"Hawaii","74.9902778"
"March",2021,"Hawaii","83.5649193035714"
"May",2021,"Hawaii","77.866263467742"
"November",2021,"Hawaii","77.2847222833333"
"October",2021,"Hawaii","75.1942788225806"
"September",2021,"Hawaii","75.6201388833333"
"April",2021,"Idaho","45.1326971428571"
"August",2021,"Idaho","48.1360175075269"
"December",2021,"Idaho","71.639217888172"
"February",2021,"Idaho","67.0006734452381"
"January",2021,"Idaho","72.5083128516129"
"July",2021,"Idaho","38.3212794043011"
"June",2021,"Idaho","44.8380982196262"
"March",2021,"Idaho","58.6493516645161"
"May",2021,"Idaho","48.9339638831776"
"November",2021,"Idaho","71.7422993844445"
"October",2021,"Idaho","62.6861111268817"
"September",2021,"Idaho","49.9971797466667"
"April",2021,"Illinois","58.3213027166667"
"August",2021,"Illinois","76.3199020387097"
"December",2021,"Illinois","66.4766830080645"
"February",2021,"Illinois","60.5132471320755"
"January",2021,"Illinois","67.5387770564516"
"July",2021,"Illinois","76.9824615741936"
"June",2021,"Illinois","69.2039838378378"
"March",2021,"Illinois","59.5196176048387"
"May",2021,"Illinois","63.8795400241935"
"November",2021,"Illinois","59.3435688166667"
"October",2021,"Illinois","73.7995692991453"
"September",2021,"Illinois","69.2566919583333"
"April",2021,"Indiana","54.074578511822"
"August",2021,"Indiana","73.6023955900538"
"December",2021,"Indiana","59.6393874170338"
"February",2021,"Indiana","52.140643483631"
"January",2021,"Indiana","58.3066221621253"
"July",2021,"Indiana","74.5925991948925"
"June",2021,"Indiana","69.2073113625"
"March",2021,"Indiana","50.5704022002688"
"May",2021,"Indiana","59.5499426794521"
"November",2021,"Indiana","53.7202617454268"
"October",2021,"Indiana","71.0023957259615"
"September",2021,"Indiana","66.6426628607242"
"April",2021,"Iowa","53.9085317571429"
"August",2021,"Iowa","70.1091558467742"
"December",2021,"Iowa","61.4790023319502"
"February",2021,"Iowa","62.7708333622449"
"January",2021,"Iowa","72.0368663732719"
"July",2021,"Iowa","71.7190860564516"
"June",2021,"Iowa","62.1659672708333"
"March",2021,"Iowa","59.4806341981567"
"May",2021,"Iowa","64.2723711043478"
"November",2021,"Iowa","57.5260044666667"
"October",2021,"Iowa","70.4714504112903"
"September",2021,"Iowa","64.3513439458333"
"April",2021,"Kansas","58.5361110333333"
"August",2021,"Kansas","65.9750467419355"
"December",2021,"Kansas","59.8602150645161"
"February",2021,"Kansas","68.2857143214286"
"January",2021,"Kansas","73.8239247096774"
"July",2021,"Kansas","67.2241935806452"
"June",2021,"Kansas","64.2166666666667"
"March",2021,"Kansas","59.662634516129"
"May",2021,"Kansas","69.4932795483871"
"November",2021,"Kansas","56.6986111"
"October",2021,"Kansas","71.5252586774194"
"September",2021,"Kansas","62.0881917"
"April",2021,"Kentucky","62.0261171916667"
"August",2021,"Kentucky","75.9432734193548"
"December",2021,"Kentucky","71.7251343951613"
"February",2021,"Kentucky","72.0537130736842"
"January",2021,"Kentucky","74.9574999833333"
"July",2021,"Kentucky","75.4666523636364"
"June",2021,"Kentucky","71.9926535333333"
"March",2021,"Kentucky","58.6727150967742"
"May",2021,"Kentucky","65.7745901803279"
"November",2021,"Kentucky","67.0211201583333"
"October",2021,"Kentucky","79.0863575483871"
"September",2021,"Kentucky","76.2131944583333"
"April",2021,"Louisiana","70.3069445"
"August",2021,"Louisiana","78.1422393225807"
"December",2021,"Louisiana","83.5652789032258"
"February",2021,"Louisiana","72.7202381071429"
"January",2021,"Louisiana","67.6236559354839"
"July",2021,"Louisiana","79.9038254193548"
"June",2021,"Louisiana","77.9638889"
"March",2021,"Louisiana","71.0241935483871"
"May",2021,"Louisiana","75.2231182903226"
"November",2021,"Louisiana","74.6972221333333"
"October",2021,"Louisiana","75.0800464516129"
"September",2021,"Louisiana","76.0055555"
"April",2021,"Maine","76.5380520117647"
"August",2021,"Maine","89.8746020752688"
"December",2021,"Maine","75.1758356451613"
"February",2021,"Maine","70.8219246190476"
"January",2021,"Maine","71.2060038064516"
"July",2021,"Maine","90.943587344086"
"June",2021,"Maine","84.2347221888889"
"March",2021,"Maine","66.2274060227273"
"May",2021,"Maine","72.3578969677419"
"November",2021,"Maine","72.0978727833333"
"October",2021,"Maine","89.4720519888889"
"September",2021,"Maine","89.5726046222222"
"April",2021,"Maryland","57.3402971627451"
"August",2021,"Maryland","78.2038417561905"
"December",2021,"Maryland","63.4350400039139"
"February",2021,"Maryland","66.3419208237792"
"January",2021,"Maryland","61.5809811233397"
"July",2021,"Maryland","71.849197793499"
"June",2021,"Maryland","71.860655945098"
"March",2021,"Maryland","53.556525199241"
"May",2021,"Maryland","61.5825014497154"
"November",2021,"Maryland","63.4929717411765"
"October",2021,"Maryland","78.8073942843511"
"September",2021,"Maryland","74.6894501882353"
"April",2021,"Massachusetts","62.8129259262087"
"August",2021,"Massachusetts","76.427673807601"
"December",2021,"Massachusetts","71.73096891067"
"February",2021,"Massachusetts","67.1629095706052"
"January",2021,"Massachusetts","67.2691921747312"
"July",2021,"Massachusetts","80.0633348202765"
"June",2021,"Massachusetts","69.0767906428571"
"March",2021,"Massachusetts","54.6320009181141"
"May",2021,"Massachusetts","61.4285138156682"
"November",2021,"Massachusetts","68.366453"
"October",2021,"Massachusetts","80.2478627418546"
"September",2021,"Massachusetts","78.1180140466321"
"April",2021,"Michigan","59.999691041841"
"August",2021,"Michigan","72.5853786728111"
"December",2021,"Michigan","76.7564388653846"
"February",2021,"Michigan","70.4626638964286"
"January",2021,"Michigan","76.5398099354839"
"July",2021,"Michigan","70.9517910368664"
"June",2021,"Michigan","68.1828677521008"
"March",2021,"Michigan","55.3982313145161"
"May",2021,"Michigan","58.2644270241936"
"November",2021,"Michigan","73.1601190666667"
"October",2021,"Michigan","81.5836671168224"
"September",2021,"Michigan","71.5952380809524"
"April",2021,"Minnesota","62.9402778"
"August",2021,"Minnesota","70.8335293191489"
"December",2021,"Minnesota","81.8366935806452"
"February",2021,"Minnesota","68.9494046785714"
"January",2021,"Minnesota","86.352150483871"
"July",2021,"Minnesota","60.3844086774194"
"June",2021,"Minnesota","56.8230576833333"
"March",2021,"Minnesota","58.8368396774194"
"May",2021,"Minnesota","57.2083333225806"
"November",2021,"Minnesota","75.78055555"
"October",2021,"Minnesota","81.7674730806452"
"September",2021,"Minnesota","73.5243055333333"
"April",2021,"Mississippi","62.2069444666667"
"August",2021,"Mississippi","68.1771855483871"
"December",2021,"Mississippi","80.5416666451613"
"February",2021,"Mississippi","79.2023808928571"
"January",2021,"Mississippi","73.702957"
"July",2021,"Mississippi","68.491935483871"
"June",2021,"Mississippi","66.3192423448276"
"March",2021,"Mississippi","65.7473118387097"
"May",2021,"Mississippi","64.8163278064516"
"November",2021,"Mississippi","72.6194444666667"
"October",2021,"Mississippi","73.5712365806452"
"September",2021,"Mississippi","73.1569444333333"
"April",2021,"Missouri","58.763698762963"
"August",2021,"Missouri","70.1066133387097"
"December",2021,"Missouri","66.4433752192029"
"February",2021,"Missouri","69.8221716428571"
"January",2021,"Missouri","75.201683012987"
"July",2021,"Missouri","71.5628192657092"
"June",2021,"Missouri","66.4206945203704"
"March",2021,"Missouri","61.1358089766187"
"May",2021,"Missouri","66.0844553046595"
"November",2021,"Missouri","59.3920351515152"
"October",2021,"Missouri","73.4407854731183"
"September",2021,"Missouri","65.915746232342"
"April",2021,"Montana","57.93421715"
"August",2021,"Montana","57.632680516129"
"December",2021,"Montana","74.2571745967742"
"February",2021,"Montana","70.9218750357143"
"January",2021,"Montana","73.3921676612903"
"July",2021,"Montana","45.6058773225806"
"June",2021,"Montana","46.7398119166667"
"March",2021,"Montana","62.0857771290323"
"May",2021,"Montana","60.7865347258065"
"November",2021,"Montana","68.8354165833333"
"October",2021,"Montana","65.4522849516129"
"September",2021,"Montana","47.1656566"
"April",2021,"Nebraska","54.5636905"
"August",2021,"Nebraska","66.6881720967742"
"December",2021,"Nebraska","62.1908601935484"
"February",2021,"Nebraska","69.7008928928571"
"January",2021,"Nebraska","77.9924731290323"
"July",2021,"Nebraska","66.7190859032258"
"June",2021,"Nebraska","57.0707125666667"
"March",2021,"Nebraska","63.694892483871"
"May",2021,"Nebraska","65.5430107419355"
"November",2021,"Nebraska","58.5841829310345"
"October",2021,"Nebraska","67.1395511935484"
"September",2021,"Nebraska","63.1329385666667"
"April",2021,"Nevada","29.5234701777778"
"August",2021,"Nevada","24.2038472365591"
"December",2021,"Nevada","59.0445411827957"
"February",2021,"Nevada","43.6831219404762"
"January",2021,"Nevada","58.4953443763441"
"July",2021,"Nevada","27.4382393655914"
"June",2021,"Nevada","19.4416766"
"March",2021,"Nevada","42.8403849462366"
"May",2021,"Nevada","26.9544764623656"
"November",2021,"Nevada","43.3142475111111"
"October",2021,"Nevada","45.756022576087"
"September",2021,"Nevada","25.9814613444444"
"April",2021,"New Hampshire","67.4594326101695"
"August",2021,"New Hampshire","79.7573924677419"
"December",2021,"New Hampshire","72.0422165"
"February",2021,"New Hampshire","71.4657738214286"
"January",2021,"New Hampshire","72.3649193225806"
"July",2021,"New Hampshire","83.4892472741935"
"June",2021,"New Hampshire","70.05347225"
"March",2021,"New Hampshire","56.7836313225806"
"May",2021,"New Hampshire","61.3722873870968"
"November",2021,"New Hampshire","68.6395832833333"
"October",2021,"New Hampshire","79.6867110806452"
"September",2021,"New Hampshire","81.3374999833333"
"April",2021,"New Jersey","47.6630556"
"August",2021,"New Jersey","62.5208684516129"
"December",2021,"New Jersey","55.2353493548387"
"February",2021,"New Jersey","56.78690475"
"January",2021,"New Jersey","53.5098118709677"
"July",2021,"New Jersey","62.9006720322581"
"June",2021,"New Jersey","58.0665277666667"
"March",2021,"New Jersey","46.5524193548387"
"May",2021,"New Jersey","48.864785"
"November",2021,"New Jersey","53.5428514"
"October",2021,"New Jersey","65.5776882258065"
"September",2021,"New Jersey","60.7419444"
"April",2021,"New Mexico","29.5807461777778"
"August",2021,"New Mexico","45.5842293870968"
"December",2021,"New Mexico","42.4041596236559"
"February",2021,"New Mexico","42.8164682738095"
"January",2021,"New Mexico","47.080645139785"
"July",2021,"New Mexico","49.3963371612903"
"June",2021,"New Mexico","31.4061542808989"
"March",2021,"New Mexico","33.8168792826087"
"May",2021,"New Mexico","31.8099597311828"
"November",2021,"New Mexico","36.9673280333333"
"October",2021,"New Mexico","39.9483211923077"
"September",2021,"New Mexico","39.6112633888889"
"May",2021,"New York","66.2846897852349"
"April",2021,"North Carolina","56.8455555888889"
"August",2021,"North Carolina","74.8710651075269"
"December",2021,"North Carolina","71.0349395483871"
"February",2021,"North Carolina","74.1300537261905"
"January",2021,"North Carolina","74.8642473010753"
"July",2021,"North Carolina","72.6780750698925"
"June",2021,"North Carolina","71.6940490268456"
"March",2021,"North Carolina","61.2874103924731"
"May",2021,"North Carolina","66.6180083602151"
"November",2021,"North Carolina","62.7344683809524"
"October",2021,"North Carolina","77.3735931666667"
"September",2021,"North Carolina","72.8650802685714"
"April",2021,"North Dakota","52.5361111222222"
"August",2021,"North Dakota","56.5719085967742"
"December",2021,"North Dakota","73.277128733871"
"February",2021,"North Dakota","64.6647002410714"
"January",2021,"North Dakota","73.8266918145161"
"July",2021,"North Dakota","55.0275537177419"
"June",2021,"North Dakota","50.74027775"
"March",2021,"North Dakota","58.5061325445545"
"May",2021,"North Dakota","56.6554506033058"
"November",2021,"North Dakota","67.0809027916667"
"October",2021,"North Dakota","64.0127688064516"
"September",2021,"North Dakota","49.3055871166667"
"April",2021,"Ohio","62.3865741"
"August",2021,"Ohio","71.9975255698925"
"December",2021,"Ohio","73.6346774354839"
"February",2021,"Ohio","73.0095733690476"
"January",2021,"Ohio","75.7526434301075"
"July",2021,"Ohio","71.8432012473118"
"June",2021,"Ohio","68.4188222555556"
"March",2021,"Ohio","58.8224462365591"
"May",2021,"Ohio","61.7269773595506"
"November",2021,"Ohio","65.4792360333333"
"October",2021,"Ohio","78.7368279677419"
"September",2021,"Ohio","68.85784805"
"April",2021,"Oklahoma","59.6612366411765"
"August",2021,"Oklahoma","66.8032132255489"
"December",2021,"Oklahoma","58.6444724731707"
"February",2021,"Oklahoma","68.424661015625"
"January",2021,"Oklahoma","67.3457068218624"
"July",2021,"Oklahoma","69.5395781403888"
"June",2021,"Oklahoma","71.1954400568628"
"March",2021,"Oklahoma","58.3955079018405"
"May",2021,"Oklahoma","73.6325243757116"
"November",2021,"Oklahoma","60.0014736166667"
"October",2021,"Oklahoma","64.8167849006211"
"September",2021,"Oklahoma","56.17588674375"
"April",2021,"Oregon","48.9105895888889"
"August",2021,"Oregon","47.6723882475248"
"December",2021,"Oregon","79.1586021451613"
"February",2021,"Oregon","73.9605793214286"
"January",2021,"Oregon","77.2650241658986"
"July",2021,"Oregon","43.2739013548387"
"June",2021,"Oregon","49.8614568111111"
"March",2021,"Oregon","62.6139496697674"
"May",2021,"Oregon","54.0297160215054"
"November",2021,"Oregon","74.3442129777778"
"October",2021,"Oregon","65.7459124784946"
"September",2021,"Oregon","52.1008597833333"
"April",2021,"Pennsylvania","56.0922651533333"
"August",2021,"Pennsylvania","72.9332774774194"
"December",2021,"Pennsylvania","65.6763861741936"
"February",2021,"Pennsylvania","65.7053642554744"
"January",2021,"Pennsylvania","64.6573433157895"
"July",2021,"Pennsylvania","69.6624269290323"
"June",2021,"Pennsylvania","67.2760257066667"
"March",2021,"Pennsylvania","52.8214853032258"
"May",2021,"Pennsylvania","58.7197072222222"
"November",2021,"Pennsylvania","63.9248734266667"
"October",2021,"Pennsylvania","77.2310522922078"
"September",2021,"Pennsylvania","70.9592838333333"
"April",2021,"Rhode Island","63.0612017166667"
"August",2021,"Rhode Island","74.3993097849462"
"December",2021,"Rhode Island","72.371259983871"
"February",2021,"Rhode Island","70.0682876785714"
"January",2021,"Rhode Island","70.209560516129"
"July",2021,"Rhode Island","78.6345449784946"
"June",2021,"Rhode Island","70.7228260777778"
"March",2021,"Rhode Island","61.7490455365854"
"May",2021,"Rhode Island","61.4738195"
"November",2021,"Rhode Island","69.09148555"
"October",2021,"Rhode Island","78.9466163870968"
"September",2021,"Rhode Island","73.6228562833333"
"April",2021,"South Carolina","56.5749999666667"
"August",2021,"South Carolina","77.615385"
"December",2021,"South Carolina","76.2862902580645"
"February",2021,"South Carolina","75.1562500357143"
"January",2021,"South Carolina","74.3615590967742"
"July",2021,"South Carolina","78.6458333214286"
"June",2021,"South Carolina","76.9371032333333"
"March",2021,"South Carolina","62.9959677741935"
"May",2021,"South Carolina","63.1129032580645"
"November",2021,"South Carolina","63.6402777666667"
"October",2021,"South Carolina","79.0134409354839"
"September",2021,"South Carolina","78.6258453666667"
"April",2021,"South Dakota","51.2569444666667"
"August",2021,"South Dakota","61.4783193548387"
"December",2021,"South Dakota","69.6666666290323"
"February",2021,"South Dakota","68.6235118571429"
"January",2021,"South Dakota","71.1478495"
"July",2021,"South Dakota","63.4892472741935"
"June",2021,"South Dakota","51.722868255814"
"March",2021,"South Dakota","57.197101475"
"May",2021,"South Dakota","65.5273704516129"
"November",2021,"South Dakota","60.6605677166667"
"October",2021,"South Dakota","66.4590053870968"
"September",2021,"South Dakota","59.0486111"
"April",2021,"Tennessee","59.7872137131148"
"August",2021,"Tennessee","84.0354604903226"
"December",2021,"Tennessee","74.5514113145161"
"February",2021,"Tennessee","75.3299851071429"
"January",2021,"Tennessee","72.5356036935484"
"July",2021,"Tennessee","83.2442496322581"
"June",2021,"Tennessee","80.4565476533333"
"March",2021,"Tennessee","61.913184495935"
"May",2021,"Tennessee","71.5420313825503"
"November",2021,"Tennessee","67.1459325333333"
"October",2021,"Tennessee","81.7563049741936"
"September",2021,"Tennessee","82.09035024"
"April",2021,"Texas","51.7623417418804"
"August",2021,"Texas","65.6517469816972"
"December",2021,"Texas","57.6719000117994"
"February",2021,"Texas","48.5329096273063"
"January",2021,"Texas","48.1242071013289"
"July",2021,"Texas","65.7738506618123"
"June",2021,"Texas","61.4030075251678"
"March",2021,"Texas","48.8103922018197"
"May",2021,"Texas","59.84273984851"
"November",2021,"Texas","52.6189198327495"
"October",2021,"Texas","53.8377617199355"
"September",2021,"Texas","57.8842450735294"
"April",2021,"Utah","39.1865825140187"
"August",2021,"Utah","36.3739580193548"
"December",2021,"Utah","65.3452790711463"
"February",2021,"Utah","57.1606988478261"
"January",2021,"Utah","67.0466243433048"
"July",2021,"Utah","33.2576395574194"
"June",2021,"Utah","24.3474841042781"
"March",2021,"Utah","50.3994340738162"
"May",2021,"Utah","33.4663429225806"
"November",2021,"Utah","58.6914768899457"
"October",2021,"Utah","59.118371755814"
"September",2021,"Utah","36.7967841831551"
"April",2021,"Vermont","63.2119893916667"
"August",2021,"Vermont","74.4213247459016"
"December",2021,"Vermont","71.3567026851852"
"February",2021,"Vermont","67.186481"
"January",2021,"Vermont","75.2993951209677"
"July",2021,"Vermont","77.0743391129032"
"June",2021,"Vermont","66.3049997521368"
"March",2021,"Vermont","54.7953629112903"
"May",2021,"Vermont","60.561760733871"
"November",2021,"Vermont","72.6709750598291"
"October",2021,"Vermont","80.1217614918033"
"September",2021,"Vermont","76.4882974083333"
"April",2021,"Virginia","58.7583334"
"August",2021,"Virginia","78.1545698548387"
"December",2021,"Virginia","63.1070885967742"
"February",2021,"Virginia","72.1240689285714"
"January",2021,"Virginia","67.38291245"
"July",2021,"Virginia","73.1939229354839"
"June",2021,"Virginia","73.46246345"
"March",2021,"Virginia","55.6099514677419"
"May",2021,"Virginia","62.9671406935484"
"November",2021,"Virginia","60.63124995"
"October",2021,"Virginia","76.6465054193548"
"September",2021,"Virginia","74.3430555333333"
"April",2021,"Washington","69.6477355333333"
"August",2021,"Washington","79.7403225483871"
"December",2021,"Washington","94.0662900322581"
"February",2021,"Washington","90.0531517678571"
"January",2021,"Washington","92.4527459354839"
"July",2021,"Washington","80.595095559322"
"June",2021,"Washington","75.3026570166667"
"March",2021,"Washington","83.0121578870968"
"May",2021,"Washington","81.3626239193548"
"November",2021,"Washington","93.64484645"
"October",2021,"Washington","88.7870414736842"
"September",2021,"Washington","82.42591815"
"April",2021,"West Virginia","60.5319445"
"August",2021,"West Virginia","77.919477"
"December",2021,"West Virginia","71.2365590645161"
"February",2021,"West Virginia","68.544871875"
"January",2021,"West Virginia","76.819892483871"
"July",2021,"West Virginia","71.9596774193548"
"June",2021,"West Virginia","71.2444444666667"
"March",2021,"West Virginia","56.1628401428571"
"May",2021,"West Virginia","65.4973118387097"
"November",2021,"West Virginia","63.6222222666667"
"October",2021,"West Virginia","77.7626727741935"
"September",2021,"West Virginia","75.4083332333333"
"April",2021,"Wisconsin","69.8507183333333"
"August",2021,"Wisconsin","75.3736559247312"
"December",2021,"Wisconsin","78.4182065543478"
"February",2021,"Wisconsin","71.2594246071429"
"January",2021,"Wisconsin","83.9260346021505"
"July",2021,"Wisconsin","73.2220719139785"
"June",2021,"Wisconsin","70.7203347222222"
"March",2021,"Wisconsin","66.5845877634409"
"May",2021,"Wisconsin","67.2813619677419"
"November",2021,"Wisconsin","71.4545664666667"
"October",2021,"Wisconsin","81.5625760869565"
"September",2021,"Wisconsin","75.5866301647059"
"April",2021,"Wyoming","54.9161926152381"
"August",2021,"Wyoming","44.4637537833483"
"December",2021,"Wyoming","66.2579563795811"
"February",2021,"Wyoming","70.3732268507614"
"January",2021,"Wyoming","71.0326561576616"
"July",2021,"Wyoming","40.8871249248658"
"June",2021,"Wyoming","36.9650203351801"
"March",2021,"Wyoming","62.8791521985428"
"May",2021,"Wyoming","57.6119671031598"
"November",2021,"Wyoming","59.2785661238779"
"October",2021,"Wyoming","63.1228866536502"
"September",2021,"Wyoming","43.573082418214"
"January",2021,"New York","66.2846897852349"
"February",2021,"New York","66.2846897852349"
"March",2021,"New York","66.2846897852349"
"April",2021,"New York","66.2846897852349"
"June",2021,"New York","66.2846897852349"
"July",2021,"New York","66.2846897852349"
"Aug",2021,"New York","66.2846897852349"
"September",2021,"New York","66.2846897852349"
"October",2021,"New York","66.2846897852349"
"November",2021,"New York","66.2846897852349"
"December",2021,"New York","66.2846897852349"
"April",2022,"Alabama","53.1185898043478"
"February",2022,"Alabama","60.1204600576923"
"January",2022,"Alabama","62.8454057419355"
"June",2022,"Alabama","62.2369114035088"
"March",2022,"Alabama","61.1883444516129"
"May",2022,"Alabama","60.1921173548387"
"April",2022,"Alaska","52.5345959272727"
"August",2022,"Alaska","72.5752687096774"
"February",2022,"Alaska","80.6339285357143"
"January",2022,"Alaska","77.9314516774194"
"July",2022,"Alaska","67.1243279516129"
"June",2022,"Alaska","54.0534722333333"
"March",2022,"Alaska","68.397849483871"
"May",2022,"Alaska","56.1451612903226"
"April",2022,"Arizona","17.4647277366667"
"August",2022,"Arizona","43.735215"
"February",2022,"Arizona","31.3050594964286"
"January",2022,"Arizona","44.4198938516129"
"July",2022,"Arizona","43.7359318817204"
"June",2022,"Arizona","26.2954166066667"
"March",2022,"Arizona","26.2420852516129"
"May",2022,"Arizona","15.545943083871"
"September",2022,"Arizona","39.7364735"
"April",2022,"Arkansas","27.5486111333333"
"June",2022,"Arkansas","27.7388888666667"
"May",2022,"Arkansas","28.2943548387097"
"April",2022,"California","45.2907876257757"
"August",2022,"California","47.9815660774194"
"February",2022,"California","44.1696588002018"
"January",2022,"California","58.0759850165594"
"July",2022,"California","45.8949021279826"
"June",2022,"California","36.2808252359618"
"March",2022,"California","47.7664103853565"
"May",2022,"California","40.5659860736329"
"October",2022,"California","21.8533193225806"
"September",2022,"California","31.9493957583333"
"April",2022,"Colorado","33.1134660594059"
"August",2022,"Colorado","48.8664144677419"
"February",2022,"Colorado","53.2640282262156"
"January",2022,"Colorado","57.9459504410646"
"July",2022,"Colorado","46.907578026616"
"June",2022,"Colorado","38.8494447395833"
"March",2022,"Colorado","48.7851569638095"
"May",2022,"Colorado","37.8876239499037"
"November",2022,"Colorado","44.4875"
"October",2022,"Colorado","59.6814963978495"
"September",2022,"Colorado","45.5541653833333"
"April",2022,"Connecticut","42.9229248944444"
"February",2022,"Connecticut","43.4881029878049"
"January",2022,"Connecticut","38.3068996290323"
"June",2022,"Connecticut","58.4416600722222"
"March",2022,"Connecticut","42.7401315537634"
"May",2022,"Connecticut","55.2567204301075"
"February",2022,"Delaware","54.4464285357143"
"January",2022,"Delaware","52.1129032258064"
"August",2022,"District Of Columbia","62.1826613548387"
"February",2022,"District Of Columbia","54.0027044464286"
"January",2022,"District Of Columbia","55.401955"
"July",2022,"District Of Columbia","63.6066753870968"
"March",2022,"District Of Columbia","53.9291842096774"
"September",2022,"District Of Columbia","59.7758332666667"
"April",2022,"Florida","76.1778103166667"
"February",2022,"Florida","79.5835435714286"
"January",2022,"Florida","79.1420155887097"
"July",2022,"Florida","78.3529102580645"
"June",2022,"Florida","82.6157948907563"
"March",2022,"Florida","77.424846016129"
"May",2022,"Florida","79.0452168474576"
"April",2022,"Georgia","70.1396888768473"
"August",2022,"Georgia","87.2347323009259"
"February",2022,"Georgia","72.004160622449"
"January",2022,"Georgia","73.1120594239631"
"July",2022,"Georgia","85.093229204878"
"June",2022,"Georgia","74.6922258238095"
"March",2022,"Georgia","68.6881077926267"
"May",2022,"Georgia","76.8767144285714"
"April",2022,"Hawaii","77.7314134067797"
"February",2022,"Hawaii","82.3377976071429"
"January",2022,"Hawaii","69.1008063225806"
"July",2022,"Hawaii","88.724257516129"
"June",2022,"Hawaii","74.6374999666667"
"March",2022,"Hawaii","88.0416668"
"May",2022,"Hawaii","78.0040322580645"
"April",2022,"Idaho","56.5155978688889"
"August",2022,"Idaho","48.7768994032258"
"February",2022,"Idaho","66.1640394238095"
"January",2022,"Idaho","74.0203301806452"
"July",2022,"Idaho","53.4556451854839"
"June",2022,"Idaho","59.4513999597315"
"March",2022,"Idaho","60.3605659634409"
"May",2022,"Idaho","61.9248342043011"
"September",2022,"Idaho","52.0343750333333"
"April",2022,"Illinois","67.5548611166667"
"August",2022,"Illinois","72.0174731935484"
"February",2022,"Illinois","59.72271825"
"January",2022,"Illinois","56.9133064919355"
"July",2022,"Illinois","67.970852516129"
"June",2022,"Illinois","62.2595237666667"
"March",2022,"Illinois","67.3568547903226"
"May",2022,"Illinois","69.9977501451613"
"September",2022,"Illinois","71.8472222666667"
"April",2022,"Indiana","36.9527778333333"
"August",2022,"Indiana","65.375"
"February",2022,"Indiana","53.5482121686992"
"January",2022,"Indiana","49.4857736"
"July",2022,"Indiana","65.3380051"
"June",2022,"Indiana","55.9729938148148"
"March",2022,"Indiana","53.6614351634409"
"May",2022,"Indiana","52.2217742580645"
"September",2022,"Indiana","58.3291666333333"
"April",2022,"Iowa","58.9910383891213"
"August",2022,"Iowa","71.1434300564516"
"February",2022,"Iowa","57.2306547589286"
"January",2022,"Iowa","61.4722198104839"
"July",2022,"Iowa","68.2421864193548"
"June",2022,"Iowa","60.306584649789"
"March",2022,"Iowa","59.8660065365854"
"May",2022,"Iowa","62.6157338162393"
"October",2022,"Iowa","56.6448711008065"
"September",2022,"Iowa","66.4235065"
"April",2022,"Kansas","53.1277173666667"
"February",2022,"Kansas","52.8824405357143"
"January",2022,"Kansas","58.4435484193548"
"June",2022,"Kansas","61.7188813"
"March",2022,"Kansas","58.7352150645161"
"May",2022,"Kansas","68.9435282258064"
"April",2022,"Kentucky","66.7833333"
"February",2022,"Kentucky","69.3151203928571"
"January",2022,"Kentucky","74.1612903064516"
"July",2022,"Kentucky","78.8532508846154"
"June",2022,"Kentucky","72.8920706833333"
"March",2022,"Kentucky","61.4865299032258"
"May",2022,"Kentucky","77.0758186774193"
"April",2022,"Louisiana","68.9159420333333"
"August",2022,"Louisiana","82.5253569354839"
"February",2022,"Louisiana","68.98958325"
"January",2022,"Louisiana","69.4301659354839"
"July",2022,"Louisiana","79.6989248064516"
"June",2022,"Louisiana","73.0624999666667"
"March",2022,"Louisiana","65.288978483871"
"May",2022,"Louisiana","72.6411290645161"
"September",2022,"Louisiana","72.8608586333333"
"April",2022,"Maine","69.3922760222222"
"August",2022,"Maine","81.3097099784946"
"February",2022,"Maine","74.4168960714286"
"January",2022,"Maine","72.0188463870968"
"July",2022,"Maine","70.8458781182796"
"June",2022,"Maine","77.6773148"
"March",2022,"Maine","73.9327676344086"
"May",2022,"Maine","72.5051585806452"
"October",2022,"Maine","82.8013090645161"
"September",2022,"Maine","79.8843397777778"
"April",2022,"Maryland","58.3240512776618"
"August",2022,"Maryland","75.3945245483871"
"February",2022,"Maryland","61.8651661047009"
"January",2022,"Maryland","61.7277696587771"
"July",2022,"Maryland","75.8669061497976"
"June",2022,"Maryland","68.0027191503132"
"March",2022,"Maryland","60.4955789753321"
"May",2022,"Maryland","72.8056298145161"
"September",2022,"Maryland","74.6728789125"
"April",2022,"Massachusetts","59.1938140025641"
"February",2022,"Massachusetts","69.1562850082418"
"January",2022,"Massachusetts","67.0055508883375"
"June",2022,"Massachusetts","67.4553840848329"
"March",2022,"Massachusetts","64.3177064987593"
"May",2022,"Massachusetts","67.307757573201"
"April",2022,"Michigan","66.2149154541667"
"February",2022,"Michigan","72.8494759151786"
"January",2022,"Michigan","71.4845302581967"
"June",2022,"Michigan","61.0375158583333"
"March",2022,"Michigan","68.4048448346774"
"May",2022,"Michigan","64.5396454979757"
"April",2022,"Minnesota","75.8263888333333"
"February",2022,"Minnesota","75.6205355714286"
"January",2022,"Minnesota","79.6276881935484"
"July",2022,"Minnesota","76.3612923666667"
"June",2022,"Minnesota","65.0685859333333"
"March",2022,"Minnesota","66.6357526774194"
"May",2022,"Minnesota","67.9986558709677"
"April",2022,"Mississippi","64.8083333333333"
"August",2022,"Mississippi","79.4475806129032"
"February",2022,"Mississippi","70.4657737857143"
"January",2022,"Mississippi","68.4556452258064"
"July",2022,"Mississippi","72.2150538064516"
"June",2022,"Mississippi","65.7416666666667"
"March",2022,"Mississippi","63.646505483871"
"May",2022,"Mississippi","69.3091398064516"
"September",2022,"Mississippi","64.7013072333333"
"April",2022,"Missouri","58.4915429"
"February",2022,"Missouri","61.2906276873748"
"January",2022,"Missouri","62.4747866744604"
"June",2022,"Missouri","60.82846775"
"March",2022,"Missouri","59.9654020143627"
"May",2022,"Missouri","67.1548094516129"
"April",2022,"Montana","63.27028985"
"August",2022,"Montana","41.7304147419355"
"February",2022,"Montana","67.4730016785714"
"January",2022,"Montana","70.6980694193548"
"July",2022,"Montana","49.2177127096774"
"June",2022,"Montana","60.8791666166667"
"March",2022,"Montana","63.1437294677419"
"May",2022,"Montana","63.8899894354839"
"April",2022,"Nebraska","53.4458333"
"August",2022,"Nebraska","64.2108461612903"
"February",2022,"Nebraska","50.8497024285714"
"January",2022,"Nebraska","62.2190860967742"
"July",2022,"Nebraska","63.9610215806452"
"June",2022,"Nebraska","59.8944443666667"
"March",2022,"Nebraska","58.8795209677419"
"May",2022,"Nebraska","62.086021483871"
"September",2022,"Nebraska","60.3990941333333"
"April",2022,"Nevada","28.9157938888889"
"February",2022,"Nevada","43.2784090952381"
"January",2022,"Nevada","52.7094593918919"
"July",2022,"Nevada","25.9989870967742"
"June",2022,"Nevada","21.4501263111111"
"March",2022,"Nevada","38.4542051182796"
"May",2022,"Nevada","25.500918344086"
"April",2022,"New Hampshire","60.6100378833333"
"February",2022,"New Hampshire","67.1370341428571"
"January",2022,"New Hampshire","64.9630376290323"
"June",2022,"New Hampshire","69.3686895833333"
"March",2022,"New Hampshire","65.070301516129"
"May",2022,"New Hampshire","64.4301075645161"
"April",2022,"New Mexico","20.3623065"
"February",2022,"New Mexico","40.632394202381"
"January",2022,"New Mexico","46.8533480215054"
"July",2022,"New Mexico","40.5911766290323"
"June",2022,"New Mexico","36.9443673222222"
"March",2022,"New Mexico","32.5439068064516"
"May",2022,"New Mexico","17.3520034891304"
"April",2022,"North Carolina","58.6564865791667"
"August",2022,"North Carolina","71.5705645483871"
"February",2022,"North Carolina","65.9463571696429"
"January",2022,"North Carolina","62.2649473967611"
"July",2022,"North Carolina","72.7195780483871"
"June",2022,"North Carolina","64.3903727291667"
"March",2022,"North Carolina","59.9026114233871"
"May",2022,"North Carolina","70.5014387901235"
"September",2022,"North Carolina","67.4809480666667"
"April",2022,"North Dakota","71.5264275470086"
"August",2022,"North Dakota","61.8019713225806"
"February",2022,"North Dakota","70.596580625"
"January",2022,"North Dakota","74.3438717580645"
"July",2022,"North Dakota","62.846364233871"
"June",2022,"North Dakota","59.6208717833333"
"March",2022,"North Dakota","66.3130259919355"
"May",2022,"North Dakota","63.2075551612903"
"September",2022,"North Dakota","55.7893518333333"
"April",2022,"Ohio","65.5963446"
"August",2022,"Ohio","75.7259167741935"
"February",2022,"Ohio","71.57222225"
"January",2022,"Ohio","71.9203893870968"
"July",2022,"Ohio","70.6022401505376"
"June",2022,"Ohio","60.4227531"
"March",2022,"Ohio","61.7548835483871"
"May",2022,"Ohio","68.2919896666667"
"September",2022,"Ohio","75.4673610833333"
"April",2022,"Oklahoma","55.6845466352941"
"August",2022,"Oklahoma","56.7789502119816"
"February",2022,"Oklahoma","57.4642953254593"
"January",2022,"Oklahoma","54.8257806211699"
"July",2022,"Oklahoma","50.5153872289157"
"June",2022,"Oklahoma","63.8092668402367"
"March",2022,"Oklahoma","53.9773112206478"
"May",2022,"Oklahoma","69.2451369620493"
"September",2022,"Oklahoma","53.5205168952381"
"April",2022,"Oregon","61.49805554"
"February",2022,"Oregon","64.9655541309524"
"January",2022,"Oregon","72.471102188172"
"June",2022,"Oregon","56.62629226"
"March",2022,"Oregon","63.2631779032258"
"May",2022,"Oregon","59.7839931419355"
"April",2022,"Pennsylvania","58.1863231526718"
"February",2022,"Pennsylvania","62.4511176521739"
"January",2022,"Pennsylvania","62.7643838193548"
"June",2022,"Pennsylvania","61.3882740666667"
"March",2022,"Pennsylvania","59.3193489870968"
"May",2022,"Pennsylvania","66.3552678562092"
"April",2022,"Rhode Island","59.1261214666667"
"February",2022,"Rhode Island","72.7325957321429"
"January",2022,"Rhode Island","68.499532516129"
"July",2022,"Rhode Island","66.3574312258065"
"June",2022,"Rhode Island","68.9962264333333"
"March",2022,"Rhode Island","66.5024544354839"
"May",2022,"Rhode Island","69.0272616290323"
"April",2022,"South Carolina","61.2819444333333"
"August",2022,"South Carolina","78.3817204516129"
"February",2022,"South Carolina","67.7559523928571"
"January",2022,"South Carolina","65.131720483871"
"July",2022,"South Carolina","78.9516128387097"
"June",2022,"South Carolina","65.4944443666667"
"March",2022,"South Carolina","62.5428938387097"
"May",2022,"South Carolina","69.0698924193548"
"April",2022,"South Dakota","48.4430555333333"
"February",2022,"South Dakota","60.2351190535714"
"January",2022,"South Dakota","64.9771505322581"
"July",2022,"South Dakota","45.7177418387097"
"June",2022,"South Dakota","46.4166667666667"
"March",2022,"South Dakota","61.3300352741935"
"May",2022,"South Dakota","52.413978516129"
"April",2022,"Tennessee","63.4705031612903"
"February",2022,"Tennessee","70.2701512589286"
"January",2022,"Tennessee","72.6515074677419"
"July",2022,"Tennessee","86.4619969193548"
"June",2022,"Tennessee","75.7498280066667"
"March",2022,"Tennessee","61.6843113414634"
"May",2022,"Tennessee","79.1651026516129"
"April",2022,"Texas","50.81090168"
"August",2022,"Texas","76.8286290322581"
"February",2022,"Texas","44.4440225119826"
"January",2022,"Texas","42.4198213579605"
"July",2022,"Texas","57.4781612091886"
"June",2022,"Texas","59.0288254474637"
"March",2022,"Texas","44.1349485963134"
"May",2022,"Texas","56.675673923643"
"April",2022,"Utah","37.3180837475317"
"August",2022,"Utah","40.741392906793"
"February",2022,"Utah","55.0778617388633"
"January",2022,"Utah","65.9225047117963"
"July",2022,"Utah","28.6268882290076"
"June",2022,"Utah","30.2481760830946"
"March",2022,"Utah","48.9981699958904"
"May",2022,"Utah","37.183076902571"
"October",2022,"Utah","45.609094983871"
"September",2022,"Utah","36.5249292026801"
"April",2022,"Virginia","57.8458333166667"
"February",2022,"Virginia","62.806016125"
"January",2022,"Virginia","62.8649832"
"July",2022,"Virginia","83.0398582903226"
"June",2022,"Virginia","67.8825793"
"March",2022,"Virginia","60.5834677903226"
"May",2022,"Virginia","72.7244623387097"
"April",2022,"Washington","84.9781427166667"
"February",2022,"Washington","88.3077168035714"
"January",2022,"Washington","90.0479594516129"
"July",2022,"Washington","83.6388074193548"
"June",2022,"Washington","86.2556106923077"
"March",2022,"Washington","88.5591396935484"
"May",2022,"Washington","88.0310656129032"
"April",2022,"West Virginia","60.9484071818182"
"February",2022,"West Virginia","71.908482125"
"January",2022,"West Virginia","70.7822580645161"
"June",2022,"West Virginia","65.9527777"
"March",2022,"West Virginia","49.3611110666667"
"May",2022,"West Virginia","66.6747311290323"
"April",2022,"Wisconsin","74.8746044886364"
"August",2022,"Wisconsin","78.1808732473118"
"February",2022,"Wisconsin","71.3536706071429"
"January",2022,"Wisconsin","73.1017968817204"
"July",2022,"Wisconsin","73.3692730537634"
"June",2022,"Wisconsin","66.5918152333333"
"March",2022,"Wisconsin","72.9190496236559"
"May",2022,"Wisconsin","70.9252456067416"
"September",2022,"Wisconsin","79.5946652666667"
"April",2022,"Wyoming","56.4088804567568"
"August",2022,"Wyoming","51.7379031612903"
"February",2022,"Wyoming","63.7984797926587"
"January",2022,"Wyoming","65.6787705286739"
"July",2022,"Wyoming","45.5620736451613"
"June",2022,"Wyoming","49.0367806034327"
"March",2022,"Wyoming","61.008928359319"
"May",2022,"Wyoming","57.664262202109"
"September",2022,"Wyoming","48.0575396333333"
