"Precip","Month","Year","State"
7.44,"Jan",2020,"Alabama"
3.72,"Jan",2021,"Alabama"
4.83,"Jan",2022,"Alabama"
0.45,"Jan",2020,"Arizona"
1.31,"Jan",2021,"Arizona"
0.3,"Jan",2022,"Arizona"
6.15,"Jan",2020,"Arkansas"
4.12,"Jan",2021,"Arkansas"
3.39,"Jan",2022,"Arkansas"
2.06,"Jan",2020,"California"
3.65,"Jan",2021,"California"
0.45,"Jan",2022,"California"
0.72,"Jan",2020,"Colorado"
0.74,"Jan",2021,"Colorado"
0.78,"Jan",2022,"Colorado"
3.96,"Jan",2020,"Connecticut"
2.33,"Jan",2021,"Connecticut"
2.31,"Jan",2022,"Connecticut"
4.36,"Jan",2020,"Delaware"
2.46,"Jan",2021,"Delaware"
1.05,"Jan",2022,"Delaware"
4.65,"Jan",2020,"Florida"
2.45,"Jan",2021,"Florida"
1.68,"Jan",2022,"Florida"
1.41,"Jan",2020,"Georgia"
1.24,"Jan",2021,"Georgia"
0.78,"Jan",2022,"Georgia"
1.33,"Jan",2020,"Idaho"
1.38,"Jan",2021,"Idaho"
0.37,"Jan",2022,"Idaho"
4.47,"Jan",2020,"Illinois"
4.12,"Jan",2021,"Illinois"
5.3,"Jan",2022,"Illinois"
7.54,"Jan",2020,"Indiana"
3.52,"Jan",2021,"Indiana"
2.5,"Jan",2022,"Indiana"
3.06,"Jan",2020,"Iowa"
1.89,"Jan",2021,"Iowa"
2.34,"Jan",2022,"Iowa"
3.04,"Jan",2020,"Kansas"
2.07,"Jan",2021,"Kansas"
3.84,"Jan",2022,"Kansas"
1.83,"Jan",2020,"Kentucky"
2.27,"Jan",2021,"Kentucky"
2.85,"Jan",2022,"Kentucky"
2.84,"Jan",2020,"Louisiana"
1.05,"Jan",2021,"Louisiana"
0.95,"Jan",2022,"Louisiana"
0.88,"Jan",2020,"Maine"
0.56,"Jan",2021,"Maine"
0.59,"Jan",2022,"Maine"
8.72,"Jan",2020,"Maryland"
3.76,"Jan",2021,"Maryland"
3.82,"Jan",2022,"Maryland"
4.41,"Jan",2020,"Massachusetts"
3.32,"Jan",2021,"Massachusetts"
1.7,"Jan",2022,"Massachusetts"
1.2,"Jan",2020,"Michigan"
0.75,"Jan",2021,"Michigan"
0.97,"Jan",2022,"Michigan"
0.58,"Jan",2020,"Minnesota"
0.66,"Jan",2021,"Minnesota"
0.25,"Jan",2022,"Minnesota"
0.7,"Jan",2020,"Mississippi"
0.95,"Jan",2021,"Mississippi"
0.14,"Jan",2022,"Mississippi"
2.74,"Jan",2020,"Missouri"
2.15,"Jan",2021,"Missouri"
2.18,"Jan",2022,"Missouri"
2.29,"Jan",2020,"Montana"
1.86,"Jan",2021,"Montana"
3.37,"Jan",2022,"Montana"
0.52,"Jan",2020,"Nebraska"
0.48,"Jan",2021,"Nebraska"
0.35,"Jan",2022,"Nebraska"
2.78,"Jan",2020,"Nevada"
2.06,"Jan",2021,"Nevada"
2.07,"Jan",2022,"Nevada"
4.37,"Jan",2020,"New Hampshire"
4.63,"Jan",2021,"New Hampshire"
4.8,"Jan",2022,"New Hampshire"
0.38,"Jan",2020,"New Jersey"
0.25,"Jan",2021,"New Jersey"
0.47,"Jan",2022,"New Jersey"
3.51,"Jan",2020,"New Mexico"
1.98,"Jan",2021,"New Mexico"
2.32,"Jan",2022,"New Mexico"
3.6,"Jan",2020,"New York"
2.25,"Jan",2021,"New York"
0.65,"Jan",2022,"New York"
6.75,"Jan",2020,"North Carolina"
4.51,"Jan",2021,"North Carolina"
3.17,"Jan",2022,"North Carolina"
3.05,"Jan",2020,"North Dakota"
1.79,"Jan",2021,"North Dakota"
2.54,"Jan",2022,"North Dakota"
1.5,"Jan",2020,"Ohio"
2.29,"Jan",2021,"Ohio"
3.44,"Jan",2022,"Ohio"
4.12,"Jan",2020,"Oklahoma"
4.66,"Jan",2021,"Oklahoma"
4.17,"Jan",2022,"Oklahoma"
0.41,"Jan",2020,"Oregon"
0.31,"Jan",2021,"Oregon"
0.21,"Jan",2022,"Oregon"
6.73,"Jan",2020,"Pennsylvania"
3.32,"Jan",2021,"Pennsylvania"
6.06,"Jan",2022,"Pennsylvania"
1.96,"Jan",2020,"Rhode Island"
1.7,"Jan",2021,"Rhode Island"
0.69,"Jan",2022,"Rhode Island"
0.77,"Jan",2020,"South Carolina"
0.74,"Jan",2021,"South Carolina"
0.31,"Jan",2022,"South Carolina"
2.82,"Jan",2020,"South Dakota"
2.17,"Jan",2021,"South Dakota"
1.43,"Jan",2022,"South Dakota"
3.55,"Jan",2020,"Tennessee"
3.14,"Jan",2021,"Tennessee"
4.51,"Jan",2022,"Tennessee"
10.52,"Jan",2020,"Texas"
7.37,"Jan",2021,"Texas"
6.58,"Jan",2022,"Texas"
3.65,"Jan",2020,"Utah"
2.78,"Jan",2021,"Utah"
4.86,"Jan",2022,"Utah"
1.34,"Jan",2020,"Vermont"
0.84,"Jan",2021,"Vermont"
0.49,"Jan",2022,"Vermont"
1.02,"Jan",2020,"Virginia"
0.68,"Jan",2021,"Virginia"
0.78,"Jan",2022,"Virginia"
1.89,"Jan",2020,"Washington"
3.14,"Jan",2021,"Washington"
3.57,"Jan",2022,"Washington"
2.83,"Jan",2020,"West Virginia"
1.98,"Jan",2021,"West Virginia"
2.45,"Jan",2022,"West Virginia"
1.55,"Jan",2020,"Wisconsin"
0.88,"Jan",2021,"Wisconsin"
0.69,"Jan",2022,"Wisconsin"
4.57,"Jan",2020,"Wyoming"
2.94,"Jan",2021,"Wyoming"
2.97,"Jan",2022,"Wyoming"
4.35,"Jan",2020,"Alaska"
3.7,"Jan",2021,"Alaska"
4.04,"Jan",2022,"Alaska"
10.37,"Feb",2020,"Alabama"
4.22,"Feb",2021,"Alabama"
5.66,"Feb",2022,"Alabama"
1.1,"Feb",2020,"Arizona"
0.23,"Feb",2021,"Arizona"
0.4,"Feb",2022,"Arizona"
5.79,"Feb",2020,"Arkansas"
3.4,"Feb",2021,"Arkansas"
4.41,"Feb",2022,"Arkansas"
0.21,"Feb",2020,"California"
1.39,"Feb",2021,"California"
0.24,"Feb",2022,"California"
1.09,"Feb",2020,"Colorado"
1.11,"Feb",2021,"Colorado"
0.94,"Feb",2022,"Colorado"
2.12,"Feb",2020,"Connecticut"
3.06,"Feb",2021,"Connecticut"
0.91,"Feb",2022,"Connecticut"
2.01,"Feb",2020,"Delaware"
1.67,"Feb",2021,"Delaware"
3.13,"Feb",2022,"Delaware"
2.81,"Feb",2020,"Florida"
2.21,"Feb",2021,"Florida"
4.53,"Feb",2022,"Florida"
0.43,"Feb",2020,"Georgia"
0.79,"Feb",2021,"Georgia"
0.28,"Feb",2022,"Georgia"
1.29,"Feb",2020,"Idaho"
0.22,"Feb",2021,"Idaho"
0.37,"Feb",2022,"Idaho"
6.42,"Feb",2020,"Illinois"
4.51,"Feb",2021,"Illinois"
6.42,"Feb",2022,"Illinois"
5.83,"Feb",2020,"Indiana"
4.23,"Feb",2021,"Indiana"
2.98,"Feb",2022,"Indiana"
2.85,"Feb",2020,"Iowa"
2.9,"Feb",2021,"Iowa"
3.91,"Feb",2022,"Iowa"
3.19,"Feb",2020,"Kansas"
4.34,"Feb",2021,"Kansas"
2.14,"Feb",2022,"Kansas"
3.31,"Feb",2020,"Kentucky"
3.21,"Feb",2021,"Kentucky"
4.97,"Feb",2022,"Kentucky"
1.03,"Feb",2020,"Louisiana"
1.28,"Feb",2021,"Louisiana"
2.02,"Feb",2022,"Louisiana"
0.34,"Feb",2020,"Maine"
0.31,"Feb",2021,"Maine"
0.78,"Feb",2022,"Maine"
9.64,"Feb",2020,"Maryland"
5.11,"Feb",2021,"Maryland"
5.1,"Feb",2022,"Maryland"
2.51,"Feb",2020,"Massachusetts"
1.15,"Feb",2021,"Massachusetts"
2.97,"Feb",2022,"Massachusetts"
1.22,"Feb",2020,"Michigan"
1.39,"Feb",2021,"Michigan"
0.85,"Feb",2022,"Michigan"
0.25,"Feb",2020,"Minnesota"
0.62,"Feb",2021,"Minnesota"
0.12,"Feb",2022,"Minnesota"
0.37,"Feb",2020,"Mississippi"
0.83,"Feb",2021,"Mississippi"
0.23,"Feb",2022,"Mississippi"
3.35,"Feb",2020,"Missouri"
2.69,"Feb",2021,"Missouri"
4.3,"Feb",2022,"Missouri"
2.79,"Feb",2020,"Montana"
4.73,"Feb",2021,"Montana"
2.71,"Feb",2022,"Montana"
0.81,"Feb",2020,"Nebraska"
0.39,"Feb",2021,"Nebraska"
0.29,"Feb",2022,"Nebraska"
3.03,"Feb",2020,"Nevada"
2.34,"Feb",2021,"Nevada"
3.84,"Feb",2022,"Nevada"
7.01,"Feb",2020,"New Hampshire"
6.54,"Feb",2021,"New Hampshire"
2.97,"Feb",2022,"New Hampshire"
0.17,"Feb",2020,"New Jersey"
0.18,"Feb",2021,"New Jersey"
0.33,"Feb",2022,"New Jersey"
2.98,"Feb",2020,"New Mexico"
2.03,"Feb",2021,"New Mexico"
4.83,"Feb",2022,"New Mexico"
1.83,"Feb",2020,"New York"
0.8,"Feb",2021,"New York"
1.7,"Feb",2022,"New York"
2.17,"Feb",2020,"North Carolina"
4.47,"Feb",2021,"North Carolina"
1.32,"Feb",2022,"North Carolina"
3.35,"Feb",2020,"North Dakota"
3.02,"Feb",2021,"North Dakota"
4.3,"Feb",2022,"North Dakota"
3.3,"Feb",2020,"Ohio"
3.64,"Feb",2021,"Ohio"
5.97,"Feb",2022,"Ohio"
7.17,"Feb",2020,"Oklahoma"
6.27,"Feb",2021,"Oklahoma"
2.08,"Feb",2022,"Oklahoma"
0.42,"Feb",2020,"Oregon"
0.37,"Feb",2021,"Oregon"
0.28,"Feb",2022,"Oregon"
9.18,"Feb",2020,"Pennsylvania"
5.05,"Feb",2021,"Pennsylvania"
8.57,"Feb",2022,"Pennsylvania"
1.9,"Feb",2020,"Rhode Island"
0.99,"Feb",2021,"Rhode Island"
1.07,"Feb",2022,"Rhode Island"
0.71,"Feb",2020,"South Carolina"
0.92,"Feb",2021,"South Carolina"
0.5,"Feb",2022,"South Carolina"
3.23,"Feb",2020,"South Dakota"
2.21,"Feb",2021,"South Dakota"
4.05,"Feb",2022,"South Dakota"
5.01,"Feb",2020,"Tennessee"
4.9,"Feb",2021,"Tennessee"
2.79,"Feb",2022,"Tennessee"
4.92,"Feb",2020,"Texas"
5.73,"Feb",2021,"Texas"
3.2,"Feb",2022,"Texas"
5.27,"Feb",2020,"Utah"
3.85,"Feb",2021,"Utah"
4.26,"Feb",2022,"Utah"
0.68,"Feb",2020,"Vermont"
0.88,"Feb",2021,"Vermont"
0.65,"Feb",2022,"Vermont"
1.21,"Feb",2020,"Virginia"
1.28,"Feb",2021,"Virginia"
0.53,"Feb",2022,"Virginia"
3.01,"Feb",2020,"Washington"
1.93,"Feb",2021,"Washington"
4.33,"Feb",2022,"Washington"
3.13,"Feb",2020,"West Virginia"
2.94,"Feb",2021,"West Virginia"
3.91,"Feb",2022,"West Virginia"
0.59,"Feb",2020,"Wisconsin"
0.76,"Feb",2021,"Wisconsin"
0.92,"Feb",2022,"Wisconsin"
4.14,"Feb",2020,"Wyoming"
2.66,"Feb",2021,"Wyoming"
4.73,"Feb",2022,"Wyoming"
7.03,"Feb",2020,"Alaska"
5.21,"Feb",2021,"Alaska"
3.08,"Feb",2022,"Alaska"
6.18,"Mar",2020,"Alabama"
8.05,"Mar",2021,"Alabama"
7.15,"Mar",2022,"Alabama"
2.38,"Mar",2020,"Arizona"
0.73,"Mar",2021,"Arizona"
0.58,"Mar",2022,"Arizona"
7.39,"Mar",2020,"Arkansas"
6.15,"Mar",2021,"Arkansas"
5.75,"Mar",2022,"Arkansas"
3.19,"Mar",2020,"California"
1.73,"Mar",2021,"California"
1.05,"Mar",2022,"California"
1.35,"Mar",2020,"Colorado"
2.07,"Mar",2021,"Colorado"
1.44,"Mar",2022,"Colorado"
2.01,"Mar",2020,"Connecticut"
1.18,"Mar",2021,"Connecticut"
1.44,"Mar",2022,"Connecticut"
3.95,"Mar",2020,"Delaware"
3.97,"Mar",2021,"Delaware"
4.35,"Mar",2022,"Delaware"
4.62,"Mar",2020,"Florida"
3.82,"Mar",2021,"Florida"
4.02,"Mar",2022,"Florida"
2.91,"Mar",2020,"Georgia"
2.78,"Mar",2021,"Georgia"
2.65,"Mar",2022,"Georgia"
2.06,"Mar",2020,"Idaho"
4.04,"Mar",2021,"Idaho"
2.16,"Mar",2022,"Idaho"
6.84,"Mar",2020,"Illinois"
6.78,"Mar",2021,"Illinois"
3.4,"Mar",2022,"Illinois"
3.85,"Mar",2020,"Indiana"
5.33,"Mar",2021,"Indiana"
5.87,"Mar",2022,"Indiana"
2.7,"Mar",2020,"Iowa"
1.98,"Mar",2021,"Iowa"
3.33,"Mar",2022,"Iowa"
2.92,"Mar",2020,"Kansas"
3.42,"Mar",2021,"Kansas"
2.84,"Mar",2022,"Kansas"
3.72,"Mar",2020,"Kentucky"
2.19,"Mar",2021,"Kentucky"
3.01,"Mar",2022,"Kentucky"
2.83,"Mar",2020,"Louisiana"
1.6,"Mar",2021,"Louisiana"
3.38,"Mar",2022,"Louisiana"
1.18,"Mar",2020,"Maine"
1.44,"Mar",2021,"Maine"
1.16,"Mar",2022,"Maine"
6.1,"Mar",2020,"Maryland"
7.7,"Mar",2021,"Maryland"
6.93,"Mar",2022,"Maryland"
5.51,"Mar",2020,"Massachusetts"
5.24,"Mar",2021,"Massachusetts"
4.41,"Mar",2022,"Massachusetts"
0.94,"Mar",2020,"Michigan"
0.58,"Mar",2021,"Michigan"
0.96,"Mar",2022,"Michigan"
1.92,"Mar",2020,"Minnesota"
4.11,"Mar",2021,"Minnesota"
0.86,"Mar",2022,"Minnesota"
1.26,"Mar",2020,"Mississippi"
0.89,"Mar",2021,"Mississippi"
0.64,"Mar",2022,"Mississippi"
3.08,"Mar",2020,"Missouri"
1.8,"Mar",2021,"Missouri"
3.07,"Mar",2022,"Missouri"
3.61,"Mar",2020,"Montana"
3.84,"Mar",2021,"Montana"
2.63,"Mar",2022,"Montana"
1.2,"Mar",2020,"Nebraska"
0.54,"Mar",2021,"Nebraska"
0.5,"Mar",2022,"Nebraska"
2.89,"Mar",2020,"Nevada"
1.74,"Mar",2021,"Nevada"
3.07,"Mar",2022,"Nevada"
3.31,"Mar",2020,"New Hampshire"
4.13,"Mar",2021,"New Hampshire"
3.97,"Mar",2022,"New Hampshire"
0.24,"Mar",2020,"New Jersey"
0.12,"Mar",2021,"New Jersey"
0.21,"Mar",2022,"New Jersey"
4.98,"Mar",2020,"New Mexico"
2.98,"Mar",2021,"New Mexico"
2.82,"Mar",2022,"New Mexico"
5.17,"Mar",2020,"New York"
3.19,"Mar",2021,"New York"
2.59,"Mar",2022,"New York"
2.39,"Mar",2020,"North Carolina"
1.84,"Mar",2021,"North Carolina"
2.18,"Mar",2022,"North Carolina"
4.27,"Mar",2020,"North Dakota"
2.81,"Mar",2021,"North Dakota"
2.75,"Mar",2022,"North Dakota"
4.46,"Mar",2020,"Ohio"
2.8,"Mar",2021,"Ohio"
3.11,"Mar",2022,"Ohio"
4.26,"Mar",2020,"Oklahoma"
3.26,"Mar",2021,"Oklahoma"
3.6,"Mar",2022,"Oklahoma"
0.78,"Mar",2020,"Oregon"
1.21,"Mar",2021,"Oregon"
0.43,"Mar",2022,"Oregon"
8.15,"Mar",2020,"Pennsylvania"
10.15,"Mar",2021,"Pennsylvania"
4.52,"Mar",2022,"Pennsylvania"
3.17,"Mar",2020,"Rhode Island"
1.31,"Mar",2021,"Rhode Island"
1.23,"Mar",2022,"Rhode Island"
1.53,"Mar",2020,"South Carolina"
1.19,"Mar",2021,"South Carolina"
0.9,"Mar",2022,"South Carolina"
2.93,"Mar",2020,"South Dakota"
1.53,"Mar",2021,"South Dakota"
3.13,"Mar",2022,"South Dakota"
2.93,"Mar",2020,"Tennessee"
3.47,"Mar",2021,"Tennessee"
3.44,"Mar",2022,"Tennessee"
2.83,"Mar",2020,"Texas"
2.44,"Mar",2021,"Texas"
3.44,"Mar",2022,"Texas"
4.04,"Mar",2020,"Utah"
4.07,"Mar",2021,"Utah"
2.53,"Mar",2022,"Utah"
3.04,"Mar",2020,"Vermont"
1.87,"Mar",2021,"Vermont"
3.19,"Mar",2022,"Vermont"
1.03,"Mar",2020,"Virginia"
1.3,"Mar",2021,"Virginia"
0.86,"Mar",2022,"Virginia"
2.28,"Mar",2020,"Washington"
2.8,"Mar",2021,"Washington"
2.49,"Mar",2022,"Washington"
3.33,"Mar",2020,"West Virginia"
2.32,"Mar",2021,"West Virginia"
3,"Mar",2022,"West Virginia"
2.35,"Mar",2020,"Wisconsin"
1.87,"Mar",2021,"Wisconsin"
2.44,"Mar",2022,"Wisconsin"
5.47,"Mar",2020,"Wyoming"
5.31,"Mar",2021,"Wyoming"
3.88,"Mar",2022,"Wyoming"
3.74,"Mar",2020,"Alaska"
4.33,"Mar",2021,"Alaska"
4.85,"Mar",2022,"Alaska"
7.1,"Apr",2020,"Alabama"
5.55,"Apr",2021,"Alabama"
5.56,"Apr",2022,"Alabama"
0.36,"Apr",2020,"Arizona"
0.19,"Apr",2021,"Arizona"
0.02,"Apr",2022,"Arizona"
6.11,"Apr",2020,"Arkansas"
5.54,"Apr",2021,"Arkansas"
6.48,"Apr",2022,"Arkansas"
1.99,"Apr",2020,"California"
0.29,"Apr",2021,"California"
1.72,"Apr",2022,"California"
0.8,"Apr",2020,"Colorado"
1.01,"Apr",2021,"Colorado"
0.72,"Apr",2022,"Colorado"
1.44,"Apr",2020,"Connecticut"
0.86,"Apr",2021,"Connecticut"
2.34,"Apr",2022,"Connecticut"
4.32,"Apr",2020,"Delaware"
3.04,"Apr",2021,"Delaware"
3.55,"Apr",2022,"Delaware"
3.05,"Apr",2020,"Florida"
2.94,"Apr",2021,"Florida"
3.3,"Apr",2022,"Florida"
1.65,"Apr",2020,"Georgia"
1.51,"Apr",2021,"Georgia"
3.22,"Apr",2022,"Georgia"
1.37,"Apr",2020,"Idaho"
1.51,"Apr",2021,"Idaho"
0.98,"Apr",2022,"Idaho"
4.95,"Apr",2020,"Illinois"
3.08,"Apr",2021,"Illinois"
4.39,"Apr",2022,"Illinois"
6.34,"Apr",2020,"Indiana"
8.57,"Apr",2021,"Indiana"
3.51,"Apr",2022,"Indiana"
4.17,"Apr",2020,"Iowa"
3.24,"Apr",2021,"Iowa"
4.46,"Apr",2022,"Iowa"
4.88,"Apr",2020,"Kansas"
2.75,"Apr",2021,"Kansas"
3.83,"Apr",2022,"Kansas"
5.36,"Apr",2020,"Kentucky"
4.34,"Apr",2021,"Kentucky"
4.1,"Apr",2022,"Kentucky"
3.01,"Apr",2020,"Louisiana"
2.08,"Apr",2021,"Louisiana"
3.52,"Apr",2022,"Louisiana"
1.27,"Apr",2020,"Maine"
2.49,"Apr",2021,"Maine"
3.72,"Apr",2022,"Maine"
7.21,"Apr",2020,"Maryland"
6.96,"Apr",2021,"Maryland"
6.14,"Apr",2022,"Maryland"
3.98,"Apr",2020,"Massachusetts"
4.36,"Apr",2021,"Massachusetts"
4.52,"Apr",2022,"Massachusetts"
1.15,"Apr",2020,"Michigan"
1,"Apr",2021,"Michigan"
1.93,"Apr",2022,"Michigan"
0.75,"Apr",2020,"Minnesota"
1.39,"Apr",2021,"Minnesota"
1.65,"Apr",2022,"Minnesota"
0.68,"Apr",2020,"Mississippi"
0.43,"Apr",2021,"Mississippi"
0.54,"Apr",2022,"Mississippi"
4.79,"Apr",2020,"Missouri"
3.94,"Apr",2021,"Missouri"
4.3,"Apr",2022,"Missouri"
3.98,"Apr",2020,"Montana"
2.35,"Apr",2021,"Montana"
5.03,"Apr",2022,"Montana"
0.19,"Apr",2020,"Nebraska"
0.37,"Apr",2021,"Nebraska"
0.05,"Apr",2022,"Nebraska"
3.15,"Apr",2020,"Nevada"
3.46,"Apr",2021,"Nevada"
4.64,"Apr",2022,"Nevada"
5.32,"Apr",2020,"New Hampshire"
1.95,"Apr",2021,"New Hampshire"
2.94,"Apr",2022,"New Hampshire"
0.8,"Apr",2020,"New Jersey"
0.66,"Apr",2021,"New Jersey"
3.7,"Apr",2022,"New Jersey"
3.66,"Apr",2020,"New Mexico"
2.88,"Apr",2021,"New Mexico"
2.96,"Apr",2022,"New Mexico"
2.92,"Apr",2020,"New York"
3.44,"Apr",2021,"New York"
2.65,"Apr",2022,"New York"
1.37,"Apr",2020,"North Carolina"
0.66,"Apr",2021,"North Carolina"
4.15,"Apr",2022,"North Carolina"
4.51,"Apr",2020,"North Dakota"
2.79,"Apr",2021,"North Dakota"
4.3,"Apr",2022,"North Dakota"
5.4,"Apr",2020,"Ohio"
3.49,"Apr",2021,"Ohio"
3.62,"Apr",2022,"Ohio"
5.14,"Apr",2020,"Oklahoma"
1.67,"Apr",2021,"Oklahoma"
4.01,"Apr",2022,"Oklahoma"
0.94,"Apr",2020,"Oregon"
1.48,"Apr",2021,"Oregon"
2.64,"Apr",2022,"Oregon"
6.56,"Apr",2020,"Pennsylvania"
2.82,"Apr",2021,"Pennsylvania"
4.71,"Apr",2022,"Pennsylvania"
1.86,"Apr",2020,"Rhode Island"
2.14,"Apr",2021,"Rhode Island"
1.29,"Apr",2022,"Rhode Island"
0.56,"Apr",2020,"South Carolina"
0.73,"Apr",2021,"South Carolina"
0.65,"Apr",2022,"South Carolina"
3.94,"Apr",2020,"South Dakota"
3.89,"Apr",2021,"South Dakota"
4.92,"Apr",2022,"South Dakota"
5.98,"Apr",2020,"Tennessee"
2.73,"Apr",2021,"Tennessee"
2.76,"Apr",2022,"Tennessee"
1.37,"Apr",2020,"Texas"
0.99,"Apr",2021,"Texas"
4.49,"Apr",2022,"Texas"
6.55,"Apr",2020,"Utah"
3.22,"Apr",2021,"Utah"
3.23,"Apr",2022,"Utah"
2.27,"Apr",2020,"Vermont"
2.36,"Apr",2021,"Vermont"
3.38,"Apr",2022,"Vermont"
1.32,"Apr",2020,"Virginia"
1.21,"Apr",2021,"Virginia"
1.89,"Apr",2022,"Virginia"
2.73,"Apr",2020,"Washington"
1.94,"Apr",2021,"Washington"
0.99,"Apr",2022,"Washington"
4.12,"Apr",2020,"West Virginia"
3.22,"Apr",2021,"West Virginia"
4.45,"Apr",2022,"West Virginia"
1.97,"Apr",2020,"Wisconsin"
2.15,"Apr",2021,"Wisconsin"
3.49,"Apr",2022,"Wisconsin"
4.57,"Apr",2020,"Wyoming"
3.29,"Apr",2021,"Wyoming"
3.9,"Apr",2022,"Wyoming"
5.98,"Apr",2020,"Alaska"
3.53,"Apr",2021,"Alaska"
3.72,"Apr",2022,"Alaska"
3.64,"May",2020,"Alabama"
4.69,"May",2021,"Alabama"
5,"May",2022,"Alabama"
0.11,"May",2020,"Arizona"
0.04,"May",2021,"Arizona"
0,"May",2022,"Arizona"
6.94,"May",2020,"Arkansas"
6.73,"May",2021,"Arkansas"
6.46,"May",2022,"Arkansas"
1.2,"May",2020,"California"
0.11,"May",2021,"California"
0.3,"May",2022,"California"
1.07,"May",2020,"Colorado"
2.99,"May",2021,"Colorado"
1.6,"May",2022,"Colorado"
2.45,"May",2020,"Connecticut"
1.38,"May",2021,"Connecticut"
3.23,"May",2022,"Connecticut"
5.28,"May",2020,"Delaware"
4.31,"May",2021,"Delaware"
4.09,"May",2022,"Delaware"
5.07,"May",2020,"Florida"
3.72,"May",2021,"Florida"
5.06,"May",2022,"Florida"
4.57,"May",2020,"Georgia"
3.85,"May",2021,"Georgia"
3.59,"May",2022,"Georgia"
4.09,"May",2020,"Idaho"
5.56,"May",2021,"Idaho"
5.35,"May",2022,"Idaho"
5.58,"May",2020,"Illinois"
3.57,"May",2021,"Illinois"
4.86,"May",2022,"Illinois"
5.67,"May",2020,"Indiana"
11.38,"May",2021,"Indiana"
4.94,"May",2022,"Indiana"
2.62,"May",2020,"Iowa"
2.74,"May",2021,"Iowa"
2.82,"May",2022,"Iowa"
3.06,"May",2020,"Kansas"
3.4,"May",2021,"Kansas"
5.64,"May",2022,"Kansas"
2.5,"May",2020,"Kentucky"
5.14,"May",2021,"Kentucky"
2.23,"May",2022,"Kentucky"
4.06,"May",2020,"Louisiana"
2.03,"May",2021,"Louisiana"
3.25,"May",2022,"Louisiana"
2.08,"May",2020,"Maine"
1.76,"May",2021,"Maine"
5.03,"May",2022,"Maine"
3.77,"May",2020,"Maryland"
4.93,"May",2021,"Maryland"
4.74,"May",2022,"Maryland"
6.26,"May",2020,"Massachusetts"
4.99,"May",2021,"Massachusetts"
6.25,"May",2022,"Massachusetts"
2.48,"May",2020,"Michigan"
2.48,"May",2021,"Michigan"
2.39,"May",2022,"Michigan"
4.06,"May",2020,"Minnesota"
3.56,"May",2021,"Minnesota"
3.64,"May",2022,"Minnesota"
0.63,"May",2020,"Mississippi"
0.67,"May",2021,"Mississippi"
0.48,"May",2022,"Mississippi"
2.72,"May",2020,"Missouri"
2.99,"May",2021,"Missouri"
2.82,"May",2022,"Missouri"
2.47,"May",2020,"Montana"
3.84,"May",2021,"Montana"
5.26,"May",2022,"Montana"
0.2,"May",2020,"Nebraska"
1.09,"May",2021,"Nebraska"
0.18,"May",2022,"Nebraska"
3.03,"May",2020,"Nevada"
3.04,"May",2021,"Nevada"
3.12,"May",2022,"Nevada"
7.62,"May",2020,"New Hampshire"
2.47,"May",2021,"New Hampshire"
4.73,"May",2022,"New Hampshire"
1.39,"May",2020,"New Jersey"
2.07,"May",2021,"New Jersey"
4.08,"May",2022,"New Jersey"
5.11,"May",2020,"New Mexico"
3.79,"May",2021,"New Mexico"
5.39,"May",2022,"New Mexico"
5.07,"May",2020,"New York"
5.6,"May",2021,"New York"
6.29,"May",2022,"New York"
2.99,"May",2020,"North Carolina"
1.07,"May",2021,"North Carolina"
3.71,"May",2022,"North Carolina"
3.47,"May",2020,"North Dakota"
4.28,"May",2021,"North Dakota"
5.15,"May",2022,"North Dakota"
3.17,"May",2020,"Ohio"
5.12,"May",2021,"Ohio"
1.86,"May",2022,"Ohio"
6.64,"May",2020,"Oklahoma"
2.55,"May",2021,"Oklahoma"
3.39,"May",2022,"Oklahoma"
2.71,"May",2020,"Oregon"
2.25,"May",2021,"Oregon"
3.41,"May",2022,"Oregon"
4.56,"May",2020,"Pennsylvania"
4.27,"May",2021,"Pennsylvania"
4.46,"May",2022,"Pennsylvania"
3.54,"May",2020,"Rhode Island"
6.19,"May",2021,"Rhode Island"
2.32,"May",2022,"Rhode Island"
0.32,"May",2020,"South Carolina"
0.34,"May",2021,"South Carolina"
0.69,"May",2022,"South Carolina"
2.95,"May",2020,"South Dakota"
2.51,"May",2021,"South Dakota"
3.24,"May",2022,"South Dakota"
4.87,"May",2020,"Tennessee"
2.2,"May",2021,"Tennessee"
5.53,"May",2022,"Tennessee"
3.52,"May",2020,"Texas"
1.23,"May",2021,"Texas"
4,"May",2022,"Texas"
5.7,"May",2020,"Utah"
3.12,"May",2021,"Utah"
5.79,"May",2022,"Utah"
3.97,"May",2020,"Vermont"
2.99,"May",2021,"Vermont"
3.89,"May",2022,"Vermont"
1.25,"May",2020,"Virginia"
1.73,"May",2021,"Virginia"
2.62,"May",2022,"Virginia"
1.49,"May",2020,"Washington"
2.15,"May",2021,"Washington"
1.26,"May",2022,"Washington"
2.99,"May",2020,"West Virginia"
3.51,"May",2021,"West Virginia"
3.76,"May",2022,"West Virginia"
3.5,"May",2020,"Wisconsin"
2.56,"May",2021,"Wisconsin"
4.05,"May",2022,"Wisconsin"
5.43,"May",2020,"Wyoming"
4.13,"May",2021,"Wyoming"
5.15,"May",2022,"Wyoming"
5.04,"May",2020,"Alaska"
2.72,"May",2021,"Alaska"
4.46,"May",2022,"Alaska"
5.16,"Jun",2020,"Alabama"
8.73,"Jun",2021,"Alabama"
3.3,"Jun",2022,"Alabama"
0.04,"Jun",2020,"Arizona"
0.22,"Jun",2021,"Arizona"
0.7,"Jun",2022,"Arizona"
4.67,"Jun",2020,"Arkansas"
4.87,"Jun",2021,"Arkansas"
3.36,"Jun",2022,"Arkansas"
0.16,"Jun",2020,"California"
0.14,"Jun",2021,"California"
0.44,"Jun",2022,"California"
1.15,"Jun",2020,"Colorado"
1.19,"Jun",2021,"Colorado"
1.41,"Jun",2022,"Colorado"
2.99,"Jun",2020,"Connecticut"
0.56,"Jun",2021,"Connecticut"
2.08,"Jun",2022,"Connecticut"
3.61,"Jun",2020,"Delaware"
5.17,"Jun",2021,"Delaware"
2.72,"Jun",2022,"Delaware"
3.52,"Jun",2020,"Florida"
5.93,"Jun",2021,"Florida"
2.35,"Jun",2022,"Florida"
4.95,"Jun",2020,"Georgia"
3.35,"Jun",2021,"Georgia"
3.53,"Jun",2022,"Georgia"
2.73,"Jun",2020,"Idaho"
2.8,"Jun",2021,"Idaho"
3.47,"Jun",2022,"Idaho"
5.16,"Jun",2020,"Illinois"
5.02,"Jun",2021,"Illinois"
2.7,"Jun",2022,"Illinois"
5.33,"Jun",2020,"Indiana"
6.75,"Jun",2021,"Indiana"
2.75,"Jun",2022,"Indiana"
2.29,"Jun",2020,"Iowa"
2.22,"Jun",2021,"Iowa"
3.28,"Jun",2022,"Iowa"
3.61,"Jun",2020,"Kansas"
3.79,"Jun",2021,"Kansas"
3.59,"Jun",2022,"Kansas"
2.53,"Jun",2020,"Kentucky"
2.49,"Jun",2021,"Kentucky"
2.74,"Jun",2022,"Kentucky"
3.09,"Jun",2020,"Louisiana"
4.93,"Jun",2021,"Louisiana"
2.64,"Jun",2022,"Louisiana"
4.05,"Jun",2020,"Maine"
1.81,"Jun",2021,"Maine"
2.79,"Jun",2022,"Maine"
6.35,"Jun",2020,"Maryland"
9.59,"Jun",2021,"Maryland"
2.79,"Jun",2022,"Maryland"
3.64,"Jun",2020,"Massachusetts"
5.57,"Jun",2021,"Massachusetts"
2.75,"Jun",2022,"Massachusetts"
3.43,"Jun",2020,"Michigan"
0.83,"Jun",2021,"Michigan"
2.89,"Jun",2022,"Michigan"
2.53,"Jun",2020,"Minnesota"
2.22,"Jun",2021,"Minnesota"
1.78,"Jun",2022,"Minnesota"
0.56,"Jun",2020,"Mississippi"
0.17,"Jun",2021,"Mississippi"
0.17,"Jun",2022,"Mississippi"
2.47,"Jun",2020,"Missouri"
2.22,"Jun",2021,"Missouri"
3.07,"Jun",2022,"Missouri"
3.05,"Jun",2020,"Montana"
3.37,"Jun",2021,"Montana"
3.39,"Jun",2022,"Montana"
0.46,"Jun",2020,"Nebraska"
1.72,"Jun",2021,"Nebraska"
2.45,"Jun",2022,"Nebraska"
2.38,"Jun",2020,"Nevada"
3.36,"Jun",2021,"Nevada"
3.8,"Jun",2022,"Nevada"
5.04,"Jun",2020,"New Hampshire"
6.25,"Jun",2021,"New Hampshire"
2.19,"Jun",2022,"New Hampshire"
2.48,"Jun",2020,"New Jersey"
2.49,"Jun",2021,"New Jersey"
2.39,"Jun",2022,"New Jersey"
3.12,"Jun",2020,"New Mexico"
4.25,"Jun",2021,"New Mexico"
3.82,"Jun",2022,"New Mexico"
2.09,"Jun",2020,"New York"
5.04,"Jun",2021,"New York"
3.71,"Jun",2022,"New York"
1.99,"Jun",2020,"North Carolina"
0.97,"Jun",2021,"North Carolina"
2.68,"Jun",2022,"North Carolina"
3.17,"Jun",2020,"North Dakota"
3.54,"Jun",2021,"North Dakota"
3.58,"Jun",2022,"North Dakota"
2.84,"Jun",2020,"Ohio"
2.31,"Jun",2021,"Ohio"
3.91,"Jun",2022,"Ohio"
4.27,"Jun",2020,"Oklahoma"
6.09,"Jun",2021,"Oklahoma"
3.46,"Jun",2022,"Oklahoma"
3.04,"Jun",2020,"Oregon"
1.19,"Jun",2021,"Oregon"
2.34,"Jun",2022,"Oregon"
3.88,"Jun",2020,"Pennsylvania"
4.52,"Jun",2021,"Pennsylvania"
2.58,"Jun",2022,"Pennsylvania"
2.15,"Jun",2020,"Rhode Island"
4.05,"Jun",2021,"Rhode Island"
1.41,"Jun",2022,"Rhode Island"
0.95,"Jun",2020,"South Carolina"
0.25,"Jun",2021,"South Carolina"
0.47,"Jun",2022,"South Carolina"
2.38,"Jun",2020,"South Dakota"
2.97,"Jun",2021,"South Dakota"
3.29,"Jun",2022,"South Dakota"
5.13,"Jun",2020,"Tennessee"
4.09,"Jun",2021,"Tennessee"
3.27,"Jun",2022,"Tennessee"
2.39,"Jun",2020,"Texas"
1.41,"Jun",2021,"Texas"
3.61,"Jun",2022,"Texas"
5.24,"Jun",2020,"Utah"
4.94,"Jun",2021,"Utah"
4.61,"Jun",2022,"Utah"
5,"Jun",2020,"Vermont"
3.9,"Jun",2021,"Vermont"
3.03,"Jun",2022,"Vermont"
1.67,"Jun",2020,"Virginia"
0.82,"Jun",2021,"Virginia"
1.11,"Jun",2022,"Virginia"
3.18,"Jun",2020,"Washington"
2.69,"Jun",2021,"Washington"
1.17,"Jun",2022,"Washington"
2.68,"Jun",2020,"West Virginia"
3.06,"Jun",2021,"West Virginia"
3.49,"Jun",2022,"West Virginia"
4.24,"Jun",2020,"Wisconsin"
3.32,"Jun",2021,"Wisconsin"
2.98,"Jun",2022,"Wisconsin"
3.91,"Jun",2020,"Wyoming"
5.1,"Jun",2021,"Wyoming"
2.96,"Jun",2022,"Wyoming"
5.15,"Jun",2020,"Alaska"
6.81,"Jun",2021,"Alaska"
3.7,"Jun",2022,"Alaska"
5.3,"Jul",2020,"Alabama"
7.49,"Jul",2021,"Alabama"
5.71,"Jul",2022,"Alabama"
0.71,"Jul",2020,"Arizona"
3.82,"Jul",2021,"Arizona"
2.27,"Jul",2022,"Arizona"
3.64,"Jul",2020,"Arkansas"
4.72,"Jul",2021,"Arkansas"
3.17,"Jul",2022,"Arkansas"
0.05,"Jul",2020,"California"
0.29,"Jul",2021,"California"
0.13,"Jul",2022,"California"
1.85,"Jul",2020,"Colorado"
2.15,"Jul",2021,"Colorado"
2.85,"Jul",2022,"Colorado"
0.43,"Jul",2020,"Connecticut"
0.58,"Jul",2021,"Connecticut"
0.26,"Jul",2022,"Connecticut"
5.61,"Jul",2020,"Delaware"
4.97,"Jul",2021,"Delaware"
5.28,"Jul",2022,"Delaware"
4.58,"Jul",2020,"Florida"
5.44,"Jul",2021,"Florida"
5.49,"Jul",2022,"Florida"
2.93,"Jul",2020,"Georgia"
4.01,"Jul",2021,"Georgia"
3.23,"Jul",2022,"Georgia"
6.32,"Jul",2020,"Idaho"
2.8,"Jul",2021,"Idaho"
3.01,"Jul",2022,"Idaho"
5.22,"Jul",2020,"Illinois"
6.2,"Jul",2021,"Illinois"
8.03,"Jul",2022,"Illinois"
6.96,"Jul",2020,"Indiana"
6.79,"Jul",2021,"Indiana"
5.48,"Jul",2022,"Indiana"
3.85,"Jul",2020,"Iowa"
5.46,"Jul",2021,"Iowa"
4.48,"Jul",2022,"Iowa"
4.37,"Jul",2020,"Kansas"
4.34,"Jul",2021,"Kansas"
4.82,"Jul",2022,"Kansas"
2.93,"Jul",2020,"Kentucky"
10.41,"Jul",2021,"Kentucky"
2.15,"Jul",2022,"Kentucky"
3.93,"Jul",2020,"Louisiana"
4.14,"Jul",2021,"Louisiana"
2.96,"Jul",2022,"Louisiana"
4.88,"Jul",2020,"Maine"
1.8,"Jul",2021,"Maine"
3.08,"Jul",2022,"Maine"
6,"Jul",2020,"Maryland"
7.23,"Jul",2021,"Maryland"
5.36,"Jul",2022,"Maryland"
5.77,"Jul",2020,"Massachusetts"
4.86,"Jul",2021,"Massachusetts"
4,"Jul",2022,"Massachusetts"
1.08,"Jul",2020,"Michigan"
0.65,"Jul",2021,"Michigan"
1.81,"Jul",2022,"Michigan"
4.11,"Jul",2020,"Minnesota"
2.54,"Jul",2021,"Minnesota"
3.09,"Jul",2022,"Minnesota"
0.1,"Jul",2020,"Mississippi"
0.84,"Jul",2021,"Mississippi"
0.48,"Jul",2022,"Mississippi"
4.6,"Jul",2020,"Missouri"
10.58,"Jul",2021,"Missouri"
3.75,"Jul",2022,"Missouri"
6.69,"Jul",2020,"Montana"
7.62,"Jul",2021,"Montana"
2.09,"Jul",2022,"Montana"
2.2,"Jul",2020,"Nebraska"
2.92,"Jul",2021,"Nebraska"
2.37,"Jul",2022,"Nebraska"
4.1,"Jul",2020,"Nevada"
8.1,"Jul",2021,"Nevada"
3.28,"Jul",2022,"Nevada"
4.19,"Jul",2020,"New Hampshire"
5.88,"Jul",2021,"New Hampshire"
6.6,"Jul",2022,"New Hampshire"
3.94,"Jul",2020,"New Jersey"
1.26,"Jul",2021,"New Jersey"
2.78,"Jul",2022,"New Jersey"
3.16,"Jul",2020,"New Mexico"
5.66,"Jul",2021,"New Mexico"
5.06,"Jul",2022,"New Mexico"
4.75,"Jul",2020,"New York"
3.68,"Jul",2021,"New York"
1.61,"Jul",2022,"New York"
0.12,"Jul",2020,"North Carolina"
0.16,"Jul",2021,"North Carolina"
0.22,"Jul",2022,"North Carolina"
3.57,"Jul",2020,"North Dakota"
6.24,"Jul",2021,"North Dakota"
3.27,"Jul",2022,"North Dakota"
1.73,"Jul",2020,"Ohio"
7.35,"Jul",2021,"Ohio"
1.12,"Jul",2022,"Ohio"
4.69,"Jul",2020,"Oklahoma"
6.6,"Jul",2021,"Oklahoma"
6.26,"Jul",2022,"Oklahoma"
3.34,"Jul",2020,"Oregon"
2.47,"Jul",2021,"Oregon"
2.79,"Jul",2022,"Oregon"
4.76,"Jul",2020,"Pennsylvania"
5.06,"Jul",2021,"Pennsylvania"
5.52,"Jul",2022,"Pennsylvania"
2.28,"Jul",2020,"Rhode Island"
4,"Jul",2021,"Rhode Island"
1.03,"Jul",2022,"Rhode Island"
0.4,"Jul",2020,"South Carolina"
1.67,"Jul",2021,"South Carolina"
0.91,"Jul",2022,"South Carolina"
4.07,"Jul",2020,"South Dakota"
7.55,"Jul",2021,"South Dakota"
3.77,"Jul",2022,"South Dakota"
4.07,"Jul",2020,"Tennessee"
4.56,"Jul",2021,"Tennessee"
5.48,"Jul",2022,"Tennessee"
0.38,"Jul",2020,"Texas"
0.06,"Jul",2021,"Texas"
0.59,"Jul",2022,"Texas"
4.34,"Jul",2020,"Utah"
3.31,"Jul",2021,"Utah"
6.33,"Jul",2022,"Utah"
5.55,"Jul",2020,"Vermont"
4.36,"Jul",2021,"Vermont"
3.62,"Jul",2022,"Vermont"
0.69,"Jul",2020,"Virginia"
1.1,"Jul",2021,"Virginia"
0.84,"Jul",2022,"Virginia"
3.39,"Jul",2020,"Washington"
3.49,"Jul",2021,"Washington"
4.39,"Jul",2022,"Washington"
4,"Jul",2020,"West Virginia"
7.12,"Jul",2021,"West Virginia"
3.49,"Jul",2022,"West Virginia"
4.38,"Jul",2020,"Wisconsin"
3.39,"Jul",2021,"Wisconsin"
3.21,"Jul",2022,"Wisconsin"
4.93,"Jul",2020,"Wyoming"
5.13,"Jul",2021,"Wyoming"
5.46,"Jul",2022,"Wyoming"
5.12,"Jul",2020,"Alaska"
6.93,"Jul",2021,"Alaska"
6.33,"Jul",2022,"Alaska"
5.78,"Aug",2020,"Alabama"
7.43,"Aug",2021,"Alabama"
6.41,"Aug",2022,"Alabama"
0.6,"Aug",2020,"Arizona"
2.18,"Aug",2021,"Arizona"
3.24,"Aug",2022,"Arizona"
6.74,"Aug",2020,"Arkansas"
3.02,"Aug",2021,"Arkansas"
4.42,"Aug",2022,"Arkansas"
0.1,"Aug",2020,"California"
0.1,"Aug",2021,"California"
0.4,"Aug",2022,"California"
0.8,"Aug",2020,"Colorado"
1.4,"Aug",2021,"Colorado"
1.92,"Aug",2022,"Colorado"
0.25,"Aug",2020,"Connecticut"
1.24,"Aug",2021,"Connecticut"
0.71,"Aug",2022,"Connecticut"
1.91,"Aug",2020,"Delaware"
3.73,"Aug",2021,"Delaware"
4.07,"Aug",2022,"Delaware"
3.31,"Aug",2020,"Florida"
3.42,"Aug",2021,"Florida"
3.83,"Aug",2022,"Florida"
1.23,"Aug",2020,"Georgia"
4.65,"Aug",2021,"Georgia"
3.49,"Aug",2022,"Georgia"
1.68,"Aug",2020,"Idaho"
2.53,"Aug",2021,"Idaho"
1.23,"Aug",2022,"Idaho"
5.14,"Aug",2020,"Illinois"
5.28,"Aug",2021,"Illinois"
4.57,"Aug",2022,"Illinois"
6.3,"Aug",2020,"Indiana"
6.19,"Aug",2021,"Indiana"
10.41,"Aug",2022,"Indiana"
2.81,"Aug",2020,"Iowa"
2.66,"Aug",2021,"Iowa"
4.95,"Aug",2022,"Iowa"
8.94,"Aug",2020,"Kansas"
5.84,"Aug",2021,"Kansas"
3.23,"Aug",2022,"Kansas"
2.7,"Aug",2020,"Kentucky"
5.17,"Aug",2021,"Kentucky"
2.56,"Aug",2022,"Kentucky"
3.83,"Aug",2020,"Louisiana"
3.94,"Aug",2021,"Louisiana"
4.09,"Aug",2022,"Louisiana"
4.58,"Aug",2020,"Maine"
4.08,"Aug",2021,"Maine"
3.75,"Aug",2022,"Maine"
4.65,"Aug",2020,"Maryland"
7.53,"Aug",2021,"Maryland"
9.14,"Aug",2022,"Maryland"
2.91,"Aug",2020,"Massachusetts"
2.99,"Aug",2021,"Massachusetts"
3.87,"Aug",2022,"Massachusetts"
0.47,"Aug",2020,"Michigan"
2.05,"Aug",2021,"Michigan"
0.88,"Aug",2022,"Michigan"
0.92,"Aug",2020,"Minnesota"
2.84,"Aug",2021,"Minnesota"
1.01,"Aug",2022,"Minnesota"
0.12,"Aug",2020,"Mississippi"
0.24,"Aug",2021,"Mississippi"
1.49,"Aug",2022,"Mississippi"
2.66,"Aug",2020,"Missouri"
3.6,"Aug",2021,"Missouri"
3.74,"Aug",2022,"Missouri"
6.09,"Aug",2020,"Montana"
6.59,"Aug",2021,"Montana"
2.35,"Aug",2022,"Montana"
0.71,"Aug",2020,"Nebraska"
2.37,"Aug",2021,"Nebraska"
3.5,"Aug",2022,"Nebraska"
4.61,"Aug",2020,"Nevada"
5.33,"Aug",2021,"Nevada"
3.68,"Aug",2022,"Nevada"
7.98,"Aug",2020,"New Hampshire"
6.06,"Aug",2021,"New Hampshire"
4.58,"Aug",2022,"New Hampshire"
2.08,"Aug",2020,"New Jersey"
2.72,"Aug",2021,"New Jersey"
1.38,"Aug",2022,"New Jersey"
3.71,"Aug",2020,"New Mexico"
4.29,"Aug",2021,"New Mexico"
4.1,"Aug",2022,"New Mexico"
2.79,"Aug",2020,"New York"
2.56,"Aug",2021,"New York"
2.16,"Aug",2022,"New York"
0.15,"Aug",2020,"North Carolina"
0.21,"Aug",2021,"North Carolina"
0.3,"Aug",2022,"North Carolina"
4.37,"Aug",2020,"North Dakota"
5.89,"Aug",2021,"North Dakota"
3.74,"Aug",2022,"North Dakota"
1.78,"Aug",2020,"Ohio"
5.26,"Aug",2021,"Ohio"
2.9,"Aug",2022,"Ohio"
6.95,"Aug",2020,"Oklahoma"
5.47,"Aug",2021,"Oklahoma"
5.31,"Aug",2022,"Oklahoma"
1.97,"Aug",2020,"Oregon"
2.55,"Aug",2021,"Oregon"
1.83,"Aug",2022,"Oregon"
5.93,"Aug",2020,"Pennsylvania"
7.13,"Aug",2021,"Pennsylvania"
4.27,"Aug",2022,"Pennsylvania"
1.32,"Aug",2020,"Rhode Island"
2.79,"Aug",2021,"Rhode Island"
4.33,"Aug",2022,"Rhode Island"
0.14,"Aug",2020,"South Carolina"
2.14,"Aug",2021,"South Carolina"
1.6,"Aug",2022,"South Carolina"
4.35,"Aug",2020,"South Dakota"
3.67,"Aug",2021,"South Dakota"
3.53,"Aug",2022,"South Dakota"
8.2,"Aug",2020,"Tennessee"
6.05,"Aug",2021,"Tennessee"
4.36,"Aug",2022,"Tennessee"
0.45,"Aug",2020,"Texas"
0.68,"Aug",2021,"Texas"
0.21,"Aug",2022,"Texas"
5.69,"Aug",2020,"Utah"
5.56,"Aug",2021,"Utah"
6.07,"Aug",2022,"Utah"
3.33,"Aug",2020,"Vermont"
5.46,"Aug",2021,"Vermont"
4.89,"Aug",2022,"Vermont"
0.3,"Aug",2020,"Virginia"
1.47,"Aug",2021,"Virginia"
1.39,"Aug",2022,"Virginia"
4.39,"Aug",2020,"Washington"
5.3,"Aug",2021,"Washington"
6.33,"Aug",2022,"Washington"
4.3,"Aug",2020,"West Virginia"
4.88,"Aug",2021,"West Virginia"
3.74,"Aug",2022,"West Virginia"
3.39,"Aug",2020,"Wisconsin"
4.48,"Aug",2021,"Wisconsin"
4.02,"Aug",2022,"Wisconsin"
3.8,"Aug",2020,"Wyoming"
4.41,"Aug",2021,"Wyoming"
4.25,"Aug",2022,"Wyoming"
7.27,"Aug",2020,"Alaska"
6.91,"Aug",2021,"Alaska"
5.66,"Aug",2022,"Alaska"
6,"Sep",2020,"Alabama"
4.83,"Sep",2021,"Alabama"
2.22,"Sep",2022,"Alabama"
0.11,"Sep",2020,"Arizona"
1.29,"Sep",2021,"Arizona"
1.45,"Sep",2022,"Arizona"
5.65,"Sep",2020,"Arkansas"
1.87,"Sep",2021,"Arkansas"
1.26,"Sep",2022,"Arkansas"
0.04,"Sep",2020,"California"
0.36,"Sep",2021,"California"
0.84,"Sep",2022,"California"
0.97,"Sep",2020,"Colorado"
1.23,"Sep",2021,"Colorado"
1.21,"Sep",2022,"Colorado"
0.68,"Sep",2020,"Connecticut"
0.84,"Sep",2021,"Connecticut"
0.99,"Sep",2022,"Connecticut"
3.26,"Sep",2020,"Delaware"
2.29,"Sep",2021,"Delaware"
2.54,"Sep",2022,"Delaware"
1.53,"Sep",2020,"Florida"
4.06,"Sep",2021,"Florida"
2.26,"Sep",2022,"Florida"
4.07,"Sep",2020,"Georgia"
1.81,"Sep",2021,"Georgia"
1.9,"Sep",2022,"Georgia"
1.65,"Sep",2020,"Idaho"
2.77,"Sep",2021,"Idaho"
1.36,"Sep",2022,"Idaho"
3.98,"Sep",2020,"Illinois"
4.23,"Sep",2021,"Illinois"
1.92,"Sep",2022,"Illinois"
4.24,"Sep",2020,"Indiana"
6.91,"Sep",2021,"Indiana"
1.89,"Sep",2022,"Indiana"
1,"Sep",2020,"Iowa"
6.46,"Sep",2021,"Iowa"
4.62,"Sep",2022,"Iowa"
4.02,"Sep",2020,"Kansas"
6.09,"Sep",2021,"Kansas"
3.28,"Sep",2022,"Kansas"
2.18,"Sep",2020,"Kentucky"
7.48,"Sep",2021,"Kentucky"
5.65,"Sep",2022,"Kentucky"
3.08,"Sep",2020,"Louisiana"
3.64,"Sep",2021,"Louisiana"
2.46,"Sep",2022,"Louisiana"
1.46,"Sep",2020,"Maine"
2.91,"Sep",2021,"Maine"
1.52,"Sep",2022,"Maine"
3.57,"Sep",2020,"Maryland"
4.76,"Sep",2021,"Maryland"
1.6,"Sep",2022,"Maryland"
3.1,"Sep",2020,"Massachusetts"
2.33,"Sep",2021,"Massachusetts"
1.69,"Sep",2022,"Massachusetts"
0.94,"Sep",2020,"Michigan"
0.43,"Sep",2021,"Michigan"
1.05,"Sep",2022,"Michigan"
1.04,"Sep",2020,"Minnesota"
2.06,"Sep",2021,"Minnesota"
1.35,"Sep",2022,"Minnesota"
0.07,"Sep",2020,"Mississippi"
0.27,"Sep",2021,"Mississippi"
0.85,"Sep",2022,"Mississippi"
1.69,"Sep",2020,"Missouri"
4.73,"Sep",2021,"Missouri"
5.71,"Sep",2022,"Missouri"
4.41,"Sep",2020,"Montana"
6.34,"Sep",2021,"Montana"
3.11,"Sep",2022,"Montana"
0.8,"Sep",2020,"Nebraska"
1.27,"Sep",2021,"Nebraska"
1.07,"Sep",2022,"Nebraska"
2.58,"Sep",2020,"Nevada"
4.92,"Sep",2021,"Nevada"
5.07,"Sep",2022,"Nevada"
6.8,"Sep",2020,"New Hampshire"
3.21,"Sep",2021,"New Hampshire"
4.04,"Sep",2022,"New Hampshire"
0.53,"Sep",2020,"New Jersey"
1.21,"Sep",2021,"New Jersey"
0.65,"Sep",2022,"New Jersey"
3.18,"Sep",2020,"New Mexico"
3.79,"Sep",2021,"New Mexico"
3.06,"Sep",2022,"New Mexico"
4.4,"Sep",2020,"New York"
1.09,"Sep",2021,"New York"
0.79,"Sep",2022,"New York"
0.89,"Sep",2020,"North Carolina"
1.88,"Sep",2021,"North Carolina"
0.54,"Sep",2022,"North Carolina"
2.46,"Sep",2020,"North Dakota"
6.98,"Sep",2021,"North Dakota"
4.79,"Sep",2022,"North Dakota"
1.17,"Sep",2020,"Ohio"
7.47,"Sep",2021,"Ohio"
6.36,"Sep",2022,"Ohio"
6.62,"Sep",2020,"Oklahoma"
4.15,"Sep",2021,"Oklahoma"
3.63,"Sep",2022,"Oklahoma"
0.74,"Sep",2020,"Oregon"
2.03,"Sep",2021,"Oregon"
0.59,"Sep",2022,"Oregon"
4.37,"Sep",2020,"Pennsylvania"
4.86,"Sep",2021,"Pennsylvania"
2.79,"Sep",2022,"Pennsylvania"
4.21,"Sep",2020,"Rhode Island"
1.41,"Sep",2021,"Rhode Island"
1.41,"Sep",2022,"Rhode Island"
0.25,"Sep",2020,"South Carolina"
0.87,"Sep",2021,"South Carolina"
1.33,"Sep",2022,"South Carolina"
2.63,"Sep",2020,"South Dakota"
3.9,"Sep",2021,"South Dakota"
5.49,"Sep",2022,"South Dakota"
6.31,"Sep",2020,"Tennessee"
4.22,"Sep",2021,"Tennessee"
2.64,"Sep",2022,"Tennessee"
2.42,"Sep",2020,"Texas"
3.12,"Sep",2021,"Texas"
0.42,"Sep",2022,"Texas"
3.05,"Sep",2020,"Utah"
4.54,"Sep",2021,"Utah"
2.71,"Sep",2022,"Utah"
3.17,"Sep",2020,"Vermont"
2.07,"Sep",2021,"Vermont"
2.69,"Sep",2022,"Vermont"
0.82,"Sep",2020,"Virginia"
0.85,"Sep",2021,"Virginia"
1.4,"Sep",2022,"Virginia"
4.07,"Sep",2020,"Washington"
4.27,"Sep",2021,"Washington"
6.24,"Sep",2022,"Washington"
2.36,"Sep",2020,"West Virginia"
6,"Sep",2021,"West Virginia"
4.83,"Sep",2022,"West Virginia"
2.79,"Sep",2020,"Wisconsin"
2.65,"Sep",2021,"Wisconsin"
2.08,"Sep",2022,"Wisconsin"
3.24,"Sep",2020,"Wyoming"
3.48,"Sep",2021,"Wyoming"
2.35,"Sep",2022,"Wyoming"
6.99,"Sep",2020,"Alaska"
4.97,"Sep",2021,"Alaska"
4.34,"Sep",2022,"Alaska"
5.11,"Oct",2020,"Alabama"
4.6,"Oct",2021,"Alabama"
2.71,"Oct",2022,"Alabama"
0.14,"Oct",2020,"Arizona"
0.74,"Oct",2021,"Arizona"
1.22,"Oct",2022,"Arizona"
4.42,"Oct",2020,"Arkansas"
4.21,"Oct",2021,"Arkansas"
3.24,"Oct",2022,"Arkansas"
0.05,"Oct",2020,"California"
3.66,"Oct",2021,"California"
0.17,"Oct",2022,"California"
0.62,"Oct",2020,"Colorado"
1.12,"Oct",2021,"Colorado"
1.13,"Oct",2022,"Colorado"
1.52,"Oct",2020,"Connecticut"
2.9,"Oct",2021,"Connecticut"
1.25,"Oct",2022,"Connecticut"
2.97,"Oct",2020,"Delaware"
6.02,"Oct",2021,"Delaware"
2.22,"Oct",2022,"Delaware"
4.44,"Oct",2020,"Florida"
6.04,"Oct",2021,"Florida"
1.79,"Oct",2022,"Florida"
1.9,"Oct",2020,"Georgia"
5,"Oct",2021,"Georgia"
0.92,"Oct",2022,"Georgia"
1.09,"Oct",2020,"Idaho"
3.05,"Oct",2021,"Idaho"
0.71,"Oct",2022,"Idaho"
4.63,"Oct",2020,"Illinois"
4.38,"Oct",2021,"Illinois"
1.4,"Oct",2022,"Illinois"
6.1,"Oct",2020,"Indiana"
2.56,"Oct",2021,"Indiana"
1.38,"Oct",2022,"Indiana"
6.12,"Oct",2020,"Iowa"
3.78,"Oct",2021,"Iowa"
5.69,"Oct",2022,"Iowa"
4.64,"Oct",2020,"Kansas"
3.46,"Oct",2021,"Kansas"
3.54,"Oct",2022,"Kansas"
5.17,"Oct",2020,"Kentucky"
6.76,"Oct",2021,"Kentucky"
4.66,"Oct",2022,"Kentucky"
3.75,"Oct",2020,"Louisiana"
3.89,"Oct",2021,"Louisiana"
2.92,"Oct",2022,"Louisiana"
1.87,"Oct",2020,"Maine"
3.26,"Oct",2021,"Maine"
0.68,"Oct",2022,"Maine"
5.24,"Oct",2020,"Maryland"
3.17,"Oct",2021,"Maryland"
2.14,"Oct",2022,"Maryland"
3.68,"Oct",2020,"Massachusetts"
5.97,"Oct",2021,"Massachusetts"
2.73,"Oct",2022,"Massachusetts"
2.07,"Oct",2020,"Michigan"
1.49,"Oct",2021,"Michigan"
1.62,"Oct",2022,"Michigan"
0.65,"Oct",2020,"Minnesota"
1.96,"Oct",2021,"Minnesota"
0.56,"Oct",2022,"Minnesota"
0.06,"Oct",2020,"Mississippi"
2,"Oct",2021,"Mississippi"
0.34,"Oct",2022,"Mississippi"
5.65,"Oct",2020,"Missouri"
4.94,"Oct",2021,"Missouri"
3.68,"Oct",2022,"Missouri"
5.03,"Oct",2020,"Montana"
5.06,"Oct",2021,"Montana"
6.44,"Oct",2022,"Montana"
0.58,"Oct",2020,"Nebraska"
0.57,"Oct",2021,"Nebraska"
2.35,"Oct",2022,"Nebraska"
3.95,"Oct",2020,"Nevada"
6.6,"Oct",2021,"Nevada"
2.39,"Oct",2022,"Nevada"
4.21,"Oct",2020,"New Hampshire"
3.26,"Oct",2021,"New Hampshire"
2.32,"Oct",2022,"New Hampshire"
0.57,"Oct",2020,"New Jersey"
3.34,"Oct",2021,"New Jersey"
0.68,"Oct",2022,"New Jersey"
4.19,"Oct",2020,"New Mexico"
4.64,"Oct",2021,"New Mexico"
1.38,"Oct",2022,"New Mexico"
3.21,"Oct",2020,"New York"
4.2,"Oct",2021,"New York"
2.85,"Oct",2022,"New York"
1.36,"Oct",2020,"North Carolina"
3.12,"Oct",2021,"North Carolina"
1.4,"Oct",2022,"North Carolina"
3.63,"Oct",2020,"North Dakota"
4.61,"Oct",2021,"North Dakota"
2.91,"Oct",2022,"North Dakota"
5.81,"Oct",2020,"Ohio"
5.94,"Oct",2021,"Ohio"
5.35,"Oct",2022,"Ohio"
2.69,"Oct",2020,"Oklahoma"
2.74,"Oct",2021,"Oklahoma"
2.54,"Oct",2022,"Oklahoma"
1.11,"Oct",2020,"Oregon"
3.42,"Oct",2021,"Oregon"
0.56,"Oct",2022,"Oregon"
4.97,"Oct",2020,"Pennsylvania"
5.3,"Oct",2021,"Pennsylvania"
1.95,"Oct",2022,"Pennsylvania"
1.01,"Oct",2020,"Rhode Island"
2.42,"Oct",2021,"Rhode Island"
2.36,"Oct",2022,"Rhode Island"
0.2,"Oct",2020,"South Carolina"
2.21,"Oct",2021,"South Carolina"
1,"Oct",2022,"South Carolina"
4.52,"Oct",2020,"South Dakota"
4.83,"Oct",2021,"South Dakota"
2.93,"Oct",2022,"South Dakota"
5.06,"Oct",2020,"Tennessee"
3.4,"Oct",2021,"Tennessee"
2.86,"Oct",2022,"Tennessee"
3.99,"Oct",2020,"Texas"
5.25,"Oct",2021,"Texas"
2.75,"Oct",2022,"Texas"
3.47,"Oct",2020,"Utah"
3.34,"Oct",2021,"Utah"
2.9,"Oct",2022,"Utah"
3,"Oct",2020,"Vermont"
2.02,"Oct",2021,"Vermont"
1.17,"Oct",2022,"Vermont"
1.01,"Oct",2020,"Virginia"
2.09,"Oct",2021,"Virginia"
0.76,"Oct",2022,"Virginia"
3.39,"Oct",2020,"Washington"
4.79,"Oct",2021,"Washington"
5.77,"Oct",2022,"Washington"
4.59,"Oct",2020,"West Virginia"
5.11,"Oct",2021,"West Virginia"
3.65,"Oct",2022,"West Virginia"
2.55,"Oct",2020,"Wisconsin"
3.52,"Oct",2021,"Wisconsin"
1.35,"Oct",2022,"Wisconsin"
3.99,"Oct",2020,"Wyoming"
5.31,"Oct",2021,"Wyoming"
2.08,"Oct",2022,"Wyoming"
4.18,"Oct",2020,"Alaska"
3.83,"Oct",2021,"Alaska"
2.18,"Oct",2022,"Alaska"
2.75,"Nov",2020,"Alabama"
1.19,"Nov",2021,"Alabama"
4.83,"Nov",2022,"Alabama"
0.27,"Nov",2020,"Arizona"
0.05,"Nov",2021,"Arizona"
0.43,"Nov",2022,"Arizona"
1.94,"Nov",2020,"Arkansas"
2.12,"Nov",2021,"Arkansas"
4.51,"Nov",2022,"Arkansas"
1.19,"Nov",2020,"California"
0.95,"Nov",2021,"California"
2.03,"Nov",2022,"California"
0.85,"Nov",2020,"Colorado"
0.37,"Nov",2021,"Colorado"
0.91,"Nov",2022,"Colorado"
2.43,"Nov",2020,"Connecticut"
2.17,"Nov",2021,"Connecticut"
2.9,"Nov",2022,"Connecticut"
2.95,"Nov",2020,"Delaware"
0.86,"Nov",2021,"Delaware"
1.82,"Nov",2022,"Delaware"
3.02,"Nov",2020,"Florida"
1.43,"Nov",2021,"Florida"
1.6,"Nov",2022,"Florida"
2.09,"Nov",2020,"Georgia"
0.98,"Nov",2021,"Georgia"
2.04,"Nov",2022,"Georgia"
1.31,"Nov",2020,"Idaho"
0.39,"Nov",2021,"Idaho"
1.49,"Nov",2022,"Idaho"
2.23,"Nov",2020,"Illinois"
1.98,"Nov",2021,"Illinois"
2.58,"Nov",2022,"Illinois"
3.57,"Nov",2020,"Indiana"
1.33,"Nov",2021,"Indiana"
6.81,"Nov",2022,"Indiana"
3.83,"Nov",2020,"Iowa"
3.28,"Nov",2021,"Iowa"
4.48,"Nov",2022,"Iowa"
4.76,"Nov",2020,"Kansas"
0.98,"Nov",2021,"Kansas"
2.92,"Nov",2022,"Kansas"
3.8,"Nov",2020,"Kentucky"
2.29,"Nov",2021,"Kentucky"
3.22,"Nov",2022,"Kentucky"
2.17,"Nov",2020,"Louisiana"
1.76,"Nov",2021,"Louisiana"
2.45,"Nov",2022,"Louisiana"
1.13,"Nov",2020,"Maine"
1.21,"Nov",2021,"Maine"
1.77,"Nov",2022,"Maine"
2.84,"Nov",2020,"Maryland"
1.26,"Nov",2021,"Maryland"
5.57,"Nov",2022,"Maryland"
3.04,"Nov",2020,"Massachusetts"
1.04,"Nov",2021,"Massachusetts"
3.22,"Nov",2022,"Massachusetts"
1.23,"Nov",2020,"Michigan"
0.99,"Nov",2021,"Michigan"
1.35,"Nov",2022,"Michigan"
0.81,"Nov",2020,"Minnesota"
0.31,"Nov",2021,"Minnesota"
0.31,"Nov",2022,"Minnesota"
0.72,"Nov",2020,"Mississippi"
0.18,"Nov",2021,"Mississippi"
1,"Nov",2022,"Mississippi"
3.08,"Nov",2020,"Missouri"
2.85,"Nov",2021,"Missouri"
3.65,"Nov",2022,"Missouri"
4.09,"Nov",2020,"Montana"
1.01,"Nov",2021,"Montana"
2.88,"Nov",2022,"Montana"
0.28,"Nov",2020,"Nebraska"
0.1,"Nov",2021,"Nebraska"
0.36,"Nov",2022,"Nebraska"
2.78,"Nov",2020,"Nevada"
2.67,"Nov",2021,"Nevada"
3.87,"Nov",2022,"Nevada"
6.15,"Nov",2020,"New Hampshire"
0.91,"Nov",2021,"New Hampshire"
4.13,"Nov",2022,"New Hampshire"
0.11,"Nov",2020,"New Jersey"
0.45,"Nov",2021,"New Jersey"
0.7,"Nov",2022,"New Jersey"
2.51,"Nov",2020,"New Mexico"
1.56,"Nov",2021,"New Mexico"
2.8,"Nov",2022,"New Mexico"
1.1,"Nov",2020,"New York"
0.9,"Nov",2021,"New York"
2.66,"Nov",2022,"New York"
4.6,"Nov",2020,"North Carolina"
3.86,"Nov",2021,"North Carolina"
4.14,"Nov",2022,"North Carolina"
2.97,"Nov",2020,"North Dakota"
1.73,"Nov",2021,"North Dakota"
3.89,"Nov",2022,"North Dakota"
5.38,"Nov",2020,"Ohio"
2.21,"Nov",2021,"Ohio"
3.08,"Nov",2022,"Ohio"
4.49,"Nov",2020,"Oklahoma"
0.91,"Nov",2021,"Oklahoma"
3.66,"Nov",2022,"Oklahoma"
0.36,"Nov",2020,"Oregon"
0.24,"Nov",2021,"Oregon"
0.49,"Nov",2022,"Oregon"
1.98,"Nov",2020,"Pennsylvania"
1.68,"Nov",2021,"Pennsylvania"
3.51,"Nov",2022,"Pennsylvania"
0.95,"Nov",2020,"Rhode Island"
1.16,"Nov",2021,"Rhode Island"
2.74,"Nov",2022,"Rhode Island"
0.73,"Nov",2020,"South Carolina"
0.25,"Nov",2021,"South Carolina"
1.26,"Nov",2022,"South Carolina"
2.91,"Nov",2020,"South Dakota"
3.31,"Nov",2021,"South Dakota"
3.61,"Nov",2022,"South Dakota"
5.15,"Nov",2020,"Tennessee"
0.94,"Nov",2021,"Tennessee"
4.03,"Nov",2022,"Tennessee"
6.4,"Nov",2020,"Texas"
9.22,"Nov",2021,"Texas"
6.12,"Nov",2022,"Texas"
2.72,"Nov",2020,"Utah"
1.32,"Nov",2021,"Utah"
3.56,"Nov",2022,"Utah"
2.06,"Nov",2020,"Vermont"
1.24,"Nov",2021,"Vermont"
3.07,"Nov",2022,"Vermont"
0.69,"Nov",2020,"Virginia"
0.54,"Nov",2021,"Virginia"
1.22,"Nov",2022,"Virginia"
3.99,"Nov",2020,"Washington"
2.34,"Nov",2021,"Washington"
3.31,"Nov",2022,"Washington"
3.35,"Nov",2020,"West Virginia"
2.36,"Nov",2021,"West Virginia"
3.8,"Nov",2022,"West Virginia"
1.78,"Nov",2020,"Wisconsin"
1.29,"Nov",2021,"Wisconsin"
2.27,"Nov",2022,"Wisconsin"
2.68,"Nov",2020,"Wyoming"
1.35,"Nov",2021,"Wyoming"
2.7,"Nov",2022,"Wyoming"
4.12,"Nov",2020,"Alaska"
1.39,"Nov",2021,"Alaska"
4.09,"Nov",2022,"Alaska"
3.84,"Dec",2020,"Alabama"
4.66,"Dec",2021,"Alabama"
4.48,"Dec",2022,"Alabama"
0.29,"Dec",2020,"Arizona"
1.77,"Dec",2021,"Arizona"
1.48,"Dec",2022,"Arizona"
4.38,"Dec",2020,"Arkansas"
3.48,"Dec",2021,"Arkansas"
5.19,"Dec",2022,"Arkansas"
1.83,"Dec",2020,"California"
6.26,"Dec",2021,"California"
6.38,"Dec",2022,"California"
0.96,"Dec",2020,"Colorado"
1.72,"Dec",2021,"Colorado"
1.58,"Dec",2022,"Colorado"
1.91,"Dec",2020,"Connecticut"
3.91,"Dec",2021,"Connecticut"
3.61,"Dec",2022,"Connecticut"
1.71,"Dec",2020,"Delaware"
2.52,"Dec",2021,"Delaware"
2.39,"Dec",2022,"Delaware"
1.8,"Dec",2020,"Florida"
4,"Dec",2021,"Florida"
2.28,"Dec",2022,"Florida"
1.14,"Dec",2020,"Georgia"
0.87,"Dec",2021,"Georgia"
1.68,"Dec",2022,"Georgia"
0.93,"Dec",2020,"Idaho"
0.2,"Dec",2021,"Idaho"
0.73,"Dec",2022,"Idaho"
3.49,"Dec",2020,"Illinois"
4.24,"Dec",2021,"Illinois"
3.73,"Dec",2022,"Illinois"
5.23,"Dec",2020,"Indiana"
2.72,"Dec",2021,"Indiana"
6.85,"Dec",2022,"Indiana"
5.33,"Dec",2020,"Iowa"
3.14,"Dec",2021,"Iowa"
5.51,"Dec",2022,"Iowa"
5.41,"Dec",2020,"Kansas"
1.09,"Dec",2021,"Kansas"
4.46,"Dec",2022,"Kansas"
6.37,"Dec",2020,"Kentucky"
3.07,"Dec",2021,"Kentucky"
5.39,"Dec",2022,"Kentucky"
1.69,"Dec",2020,"Louisiana"
2.54,"Dec",2021,"Louisiana"
1.98,"Dec",2022,"Louisiana"
0.68,"Dec",2020,"Maine"
1.94,"Dec",2021,"Maine"
1.9,"Dec",2022,"Maine"
4.75,"Dec",2020,"Maryland"
3.5,"Dec",2021,"Maryland"
6.11,"Dec",2022,"Maryland"
1.53,"Dec",2020,"Massachusetts"
2.19,"Dec",2021,"Massachusetts"
2.16,"Dec",2022,"Massachusetts"
0.68,"Dec",2020,"Michigan"
1.67,"Dec",2021,"Michigan"
1.57,"Dec",2022,"Michigan"
0.62,"Dec",2020,"Minnesota"
0.33,"Dec",2021,"Minnesota"
0.97,"Dec",2022,"Minnesota"
0.59,"Dec",2020,"Mississippi"
2.11,"Dec",2021,"Mississippi"
2.1,"Dec",2022,"Mississippi"
4.97,"Dec",2020,"Missouri"
3.49,"Dec",2021,"Missouri"
5.74,"Dec",2022,"Missouri"
5.35,"Dec",2020,"Montana"
1.26,"Dec",2021,"Montana"
4.84,"Dec",2022,"Montana"
0.4,"Dec",2020,"Nebraska"
0.52,"Dec",2021,"Nebraska"
0.63,"Dec",2022,"Nebraska"
4,"Dec",2020,"Nevada"
2.63,"Dec",2021,"Nevada"
4.27,"Dec",2022,"Nevada"
4.55,"Dec",2020,"New Hampshire"
2.31,"Dec",2021,"New Hampshire"
3.36,"Dec",2022,"New Hampshire"
0.23,"Dec",2020,"New Jersey"
0.88,"Dec",2021,"New Jersey"
1.49,"Dec",2022,"New Jersey"
2.21,"Dec",2020,"New Mexico"
3.83,"Dec",2021,"New Mexico"
1.7,"Dec",2022,"New Mexico"
2.28,"Dec",2020,"New York"
0.87,"Dec",2021,"New York"
1.91,"Dec",2022,"New York"
3.98,"Dec",2020,"North Carolina"
5.76,"Dec",2021,"North Carolina"
5.7,"Dec",2022,"North Carolina"
4.44,"Dec",2020,"North Dakota"
2.43,"Dec",2021,"North Dakota"
3.69,"Dec",2022,"North Dakota"
7.98,"Dec",2020,"Ohio"
1.97,"Dec",2021,"Ohio"
6.3,"Dec",2022,"Ohio"
2.83,"Dec",2020,"Oklahoma"
3.1,"Dec",2021,"Oklahoma"
3.31,"Dec",2022,"Oklahoma"
0.35,"Dec",2020,"Oregon"
0.63,"Dec",2021,"Oregon"
1.42,"Dec",2022,"Oregon"
4.66,"Dec",2020,"Pennsylvania"
4.62,"Dec",2021,"Pennsylvania"
5.83,"Dec",2022,"Pennsylvania"
1.82,"Dec",2020,"Rhode Island"
0.63,"Dec",2021,"Rhode Island"
1.36,"Dec",2022,"Rhode Island"
0.68,"Dec",2020,"South Carolina"
2.24,"Dec",2021,"South Carolina"
1.78,"Dec",2022,"South Carolina"
3.48,"Dec",2020,"South Dakota"
3.07,"Dec",2021,"South Dakota"
4.35,"Dec",2022,"South Dakota"
5.14,"Dec",2020,"Tennessee"
1.16,"Dec",2021,"Tennessee"
3.89,"Dec",2022,"Tennessee"
6.06,"Dec",2020,"Texas"
6.37,"Dec",2021,"Texas"
6.99,"Dec",2022,"Texas"
4.05,"Dec",2020,"Utah"
2.53,"Dec",2021,"Utah"
2.52,"Dec",2022,"Utah"
0.78,"Dec",2020,"Vermont"
1.91,"Dec",2021,"Vermont"
2.09,"Dec",2022,"Vermont"
0.71,"Dec",2020,"Virginia"
1.3,"Dec",2021,"Virginia"
1.34,"Dec",2022,"Virginia"
4.13,"Dec",2020,"Washington"
3.84,"Dec",2021,"Washington"
3.02,"Dec",2022,"Washington"
4.74,"Dec",2020,"West Virginia"
2.58,"Dec",2021,"West Virginia"
4.55,"Dec",2022,"West Virginia"
1.03,"Dec",2020,"Wisconsin"
1.83,"Dec",2021,"Wisconsin"
1.91,"Dec",2022,"Wisconsin"
2.56,"Dec",2020,"Wyoming"
3.3,"Dec",2021,"Wyoming"
2.88,"Dec",2022,"Wyoming"
3.59,"Dec",2020,"Alaska"
2.93,"Dec",2021,"Alaska"
3.31,"Dec",2022,"Alaska"
