"Temp","Month","Year","State"
49.5,"Jan",2020,"Alabama"
46.6,"Jan",2021,"Alabama"
43.9,"Jan",2022,"Alabama"
43.7,"Jan",2020,"Arizona"
42.6,"Jan",2021,"Arizona"
43.7,"Jan",2022,"Arizona"
43.9,"Jan",2020,"Arkansas"
41.4,"Jan",2021,"Arkansas"
38.7,"Jan",2022,"Arkansas"
45.3,"Jan",2020,"California"
45.5,"Jan",2021,"California"
46.6,"Jan",2022,"California"
27.4,"Jan",2020,"Colorado"
26.7,"Jan",2021,"Colorado"
26.5,"Jan",2022,"Colorado"
33,"Jan",2020,"Connecticut"
29.2,"Jan",2021,"Connecticut"
24.3,"Jan",2022,"Connecticut"
40.2,"Jan",2020,"Delaware"
36.2,"Jan",2021,"Delaware"
31.6,"Jan",2022,"Delaware"
61.8,"Jan",2020,"Florida"
58.7,"Jan",2021,"Florida"
57.5,"Jan",2022,"Florida"
51.4,"Jan",2020,"Georgia"
47.7,"Jan",2021,"Georgia"
45.8,"Jan",2022,"Georgia"
27.3,"Jan",2020,"Idaho"
26.6,"Jan",2021,"Idaho"
23.7,"Jan",2022,"Idaho"
31.8,"Jan",2020,"Illinois"
29.5,"Jan",2021,"Illinois"
22.2,"Jan",2022,"Illinois"
34.3,"Jan",2020,"Indiana"
30.5,"Jan",2021,"Indiana"
24.3,"Jan",2022,"Indiana"
23.1,"Jan",2020,"Iowa"
23.9,"Jan",2021,"Iowa"
14.8,"Jan",2022,"Iowa"
34,"Jan",2020,"Kansas"
34,"Jan",2021,"Kansas"
29.8,"Jan",2022,"Kansas"
40.2,"Jan",2020,"Kentucky"
35.7,"Jan",2021,"Kentucky"
31.2,"Jan",2022,"Kentucky"
53.7,"Jan",2020,"Louisiana"
50.6,"Jan",2021,"Louisiana"
48.2,"Jan",2022,"Louisiana"
20.8,"Jan",2020,"Maine"
21.4,"Jan",2021,"Maine"
10.9,"Jan",2022,"Maine"
39.1,"Jan",2020,"Maryland"
35.4,"Jan",2021,"Maryland"
31,"Jan",2022,"Maryland"
32,"Jan",2020,"Massachusetts"
28.8,"Jan",2021,"Massachusetts"
23.5,"Jan",2022,"Massachusetts"
27,"Jan",2020,"Michigan"
25,"Jan",2021,"Michigan"
15.4,"Jan",2022,"Michigan"
14.1,"Jan",2020,"Minnesota"
18.2,"Jan",2021,"Minnesota"
3.6,"Jan",2022,"Minnesota"
50.1,"Jan",2020,"Mississippi"
46.6,"Jan",2021,"Mississippi"
44.3,"Jan",2022,"Mississippi"
34.5,"Jan",2020,"Missouri"
33.6,"Jan",2021,"Missouri"
28.4,"Jan",2022,"Missouri"
23.4,"Jan",2020,"Montana"
26.7,"Jan",2021,"Montana"
22.9,"Jan",2022,"Montana"
27.2,"Jan",2020,"Nebraska"
29.3,"Jan",2021,"Nebraska"
25.6,"Jan",2022,"Nebraska"
35.3,"Jan",2020,"Nevada"
33.7,"Jan",2021,"Nevada"
34.2,"Jan",2022,"Nevada"
25.2,"Jan",2020,"New Hampshire"
23,"Jan",2021,"New Hampshire"
14.8,"Jan",2022,"New Hampshire"
37.3,"Jan",2020,"New Jersey"
33.7,"Jan",2021,"New Jersey"
28.5,"Jan",2022,"New Jersey"
37.1,"Jan",2020,"New Mexico"
35.1,"Jan",2021,"New Mexico"
35.7,"Jan",2022,"New Mexico"
27.7,"Jan",2020,"New York"
24,"Jan",2021,"New York"
15.8,"Jan",2022,"New York"
46,"Jan",2020,"North Carolina"
40.8,"Jan",2021,"North Carolina"
38.7,"Jan",2022,"North Carolina"
12.9,"Jan",2020,"North Dakota"
21,"Jan",2021,"North Dakota"
8.6,"Jan",2022,"North Dakota"
34.9,"Jan",2020,"Ohio"
30.9,"Jan",2021,"Ohio"
24,"Jan",2022,"Ohio"
42.2,"Jan",2020,"Oklahoma"
39.7,"Jan",2021,"Oklahoma"
37,"Jan",2022,"Oklahoma"
34.9,"Jan",2020,"Oregon"
34.8,"Jan",2021,"Oregon"
34.8,"Jan",2022,"Oregon"
32.2,"Jan",2020,"Pennsylvania"
29.4,"Jan",2021,"Pennsylvania"
22.5,"Jan",2022,"Pennsylvania"
35.3,"Jan",2020,"Rhode Island"
31.3,"Jan",2021,"Rhode Island"
27,"Jan",2022,"Rhode Island"
50.3,"Jan",2020,"South Carolina"
46,"Jan",2021,"South Carolina"
43.6,"Jan",2022,"South Carolina"
20.1,"Jan",2020,"South Dakota"
26.5,"Jan",2021,"South Dakota"
19.1,"Jan",2022,"South Dakota"
43,"Jan",2020,"Tennessee"
39.7,"Jan",2021,"Tennessee"
35.5,"Jan",2022,"Tennessee"
50.7,"Jan",2020,"Texas"
47.3,"Jan",2021,"Texas"
45.8,"Jan",2022,"Texas"
28.7,"Jan",2020,"Utah"
28.1,"Jan",2021,"Utah"
29.4,"Jan",2022,"Utah"
23.4,"Jan",2020,"Vermont"
20.5,"Jan",2021,"Vermont"
12.1,"Jan",2022,"Vermont"
40.6,"Jan",2020,"Virginia"
36.6,"Jan",2021,"Virginia"
32.9,"Jan",2022,"Virginia"
34.2,"Jan",2020,"Washington"
34.6,"Jan",2021,"Washington"
31.3,"Jan",2022,"Washington"
37.3,"Jan",2020,"West Virginia"
32.6,"Jan",2021,"West Virginia"
27.3,"Jan",2022,"West Virginia"
21.5,"Jan",2020,"Wisconsin"
20.3,"Jan",2021,"Wisconsin"
9.2,"Jan",2022,"Wisconsin"
23.8,"Jan",2020,"Wyoming"
23.4,"Jan",2021,"Wyoming"
23,"Jan",2022,"Wyoming"
-6.4,"Jan",2020,"Alaska"
10.6,"Jan",2021,"Alaska"
3.6,"Jan",2022,"Alaska"
51,"Feb",2020,"Alabama"
46.7,"Feb",2021,"Alabama"
50.1,"Feb",2022,"Alabama"
45.9,"Feb",2020,"Arizona"
46.5,"Feb",2021,"Arizona"
44.2,"Feb",2022,"Arizona"
44.5,"Feb",2020,"Arkansas"
34.8,"Feb",2021,"Arkansas"
42.2,"Feb",2022,"Arkansas"
49.2,"Feb",2020,"California"
47.4,"Feb",2021,"California"
48,"Feb",2022,"California"
26.4,"Feb",2020,"Colorado"
24.8,"Feb",2021,"Colorado"
24.9,"Feb",2022,"Colorado"
33.9,"Feb",2020,"Connecticut"
28.5,"Feb",2021,"Connecticut"
30.8,"Feb",2022,"Connecticut"
41.9,"Feb",2020,"Delaware"
35.6,"Feb",2021,"Delaware"
39.1,"Feb",2022,"Delaware"
63.6,"Feb",2020,"Florida"
63.7,"Feb",2021,"Florida"
63.1,"Feb",2022,"Florida"
51.9,"Feb",2020,"Georgia"
49.5,"Feb",2021,"Georgia"
52.8,"Feb",2022,"Georgia"
26.2,"Feb",2020,"Idaho"
25.4,"Feb",2021,"Idaho"
24.4,"Feb",2022,"Idaho"
31.9,"Feb",2020,"Illinois"
20.8,"Feb",2021,"Illinois"
28,"Feb",2022,"Illinois"
32.8,"Feb",2020,"Indiana"
23.7,"Feb",2021,"Indiana"
29.8,"Feb",2022,"Indiana"
24.9,"Feb",2020,"Iowa"
12.5,"Feb",2021,"Iowa"
21.2,"Feb",2022,"Iowa"
34.9,"Feb",2020,"Kansas"
24.1,"Feb",2021,"Kansas"
31.8,"Feb",2022,"Kansas"
39.7,"Feb",2020,"Kentucky"
32.3,"Feb",2021,"Kentucky"
38.4,"Feb",2022,"Kentucky"
54,"Feb",2020,"Louisiana"
47.8,"Feb",2021,"Louisiana"
51.4,"Feb",2022,"Louisiana"
20.1,"Feb",2020,"Maine"
18.5,"Feb",2021,"Maine"
19.5,"Feb",2022,"Maine"
41,"Feb",2020,"Maryland"
34.2,"Feb",2021,"Maryland"
38.5,"Feb",2022,"Maryland"
32.4,"Feb",2020,"Massachusetts"
27.6,"Feb",2021,"Massachusetts"
30,"Feb",2022,"Massachusetts"
23.7,"Feb",2020,"Michigan"
17.4,"Feb",2021,"Michigan"
19.5,"Feb",2022,"Michigan"
14,"Feb",2020,"Minnesota"
6.5,"Feb",2021,"Minnesota"
6.5,"Feb",2022,"Minnesota"
51.1,"Feb",2020,"Mississippi"
44.2,"Feb",2021,"Mississippi"
49,"Feb",2022,"Mississippi"
35.4,"Feb",2020,"Missouri"
24.4,"Feb",2021,"Missouri"
32.6,"Feb",2022,"Missouri"
25.6,"Feb",2020,"Montana"
13.7,"Feb",2021,"Montana"
22.4,"Feb",2022,"Montana"
29.6,"Feb",2020,"Nebraska"
16.5,"Feb",2021,"Nebraska"
26.8,"Feb",2022,"Nebraska"
36.3,"Feb",2020,"Nevada"
35.6,"Feb",2021,"Nevada"
34.6,"Feb",2022,"Nevada"
24.2,"Feb",2020,"New Hampshire"
20.6,"Feb",2021,"New Hampshire"
23.6,"Feb",2022,"New Hampshire"
39.1,"Feb",2020,"New Jersey"
32,"Feb",2021,"New Jersey"
35.5,"Feb",2022,"New Jersey"
38.5,"Feb",2020,"New Mexico"
37.3,"Feb",2021,"New Mexico"
35.1,"Feb",2022,"New Mexico"
26.6,"Feb",2020,"New York"
21.7,"Feb",2021,"New York"
23.8,"Feb",2022,"New York"
47,"Feb",2020,"North Carolina"
42.2,"Feb",2021,"North Carolina"
46.1,"Feb",2022,"North Carolina"
17.8,"Feb",2020,"North Dakota"
5.8,"Feb",2021,"North Dakota"
9.5,"Feb",2022,"North Dakota"
32.8,"Feb",2020,"Ohio"
25.2,"Feb",2021,"Ohio"
30.8,"Feb",2022,"Ohio"
41.8,"Feb",2020,"Oklahoma"
31.3,"Feb",2021,"Oklahoma"
38.5,"Feb",2022,"Oklahoma"
35.8,"Feb",2020,"Oregon"
33.6,"Feb",2021,"Oregon"
35.8,"Feb",2022,"Oregon"
33.3,"Feb",2020,"Pennsylvania"
26.6,"Feb",2021,"Pennsylvania"
29.7,"Feb",2022,"Pennsylvania"
35.4,"Feb",2020,"Rhode Island"
30.9,"Feb",2021,"Rhode Island"
32.4,"Feb",2022,"Rhode Island"
50.9,"Feb",2020,"South Carolina"
47.2,"Feb",2021,"South Carolina"
51.8,"Feb",2022,"South Carolina"
23.5,"Feb",2020,"South Dakota"
12.8,"Feb",2021,"South Dakota"
20,"Feb",2022,"South Dakota"
43.3,"Feb",2020,"Tennessee"
37.4,"Feb",2021,"Tennessee"
41.8,"Feb",2022,"Tennessee"
49.4,"Feb",2020,"Texas"
44,"Feb",2021,"Texas"
45.9,"Feb",2022,"Texas"
31.1,"Feb",2020,"Utah"
32.2,"Feb",2021,"Utah"
29.5,"Feb",2022,"Utah"
22.4,"Feb",2020,"Vermont"
18.8,"Feb",2021,"Vermont"
21.1,"Feb",2022,"Vermont"
42.4,"Feb",2020,"Virginia"
36.6,"Feb",2021,"Virginia"
40.7,"Feb",2022,"Virginia"
35.6,"Feb",2020,"Washington"
31.4,"Feb",2021,"Washington"
33.7,"Feb",2022,"Washington"
38,"Feb",2020,"West Virginia"
31.6,"Feb",2021,"West Virginia"
35.4,"Feb",2022,"West Virginia"
19.2,"Feb",2020,"Wisconsin"
10.7,"Feb",2021,"Wisconsin"
14.9,"Feb",2022,"Wisconsin"
20.2,"Feb",2020,"Wyoming"
17.4,"Feb",2021,"Wyoming"
20.7,"Feb",2022,"Wyoming"
1.5,"Feb",2020,"Alaska"
1,"Feb",2021,"Alaska"
8.6,"Feb",2022,"Alaska"
63.5,"Mar",2020,"Alabama"
59.6,"Mar",2021,"Alabama"
57.4,"Mar",2022,"Alabama"
51,"Mar",2020,"Arizona"
49.4,"Mar",2021,"Arizona"
51.8,"Mar",2022,"Arizona"
56.5,"Mar",2020,"Arkansas"
55.2,"Mar",2021,"Arkansas"
52.1,"Mar",2022,"Arkansas"
48,"Mar",2020,"California"
48.2,"Mar",2021,"California"
53.1,"Mar",2022,"California"
38.8,"Mar",2020,"Colorado"
35.8,"Mar",2021,"Colorado"
34.9,"Mar",2022,"Colorado"
41.4,"Mar",2020,"Connecticut"
39.3,"Mar",2021,"Connecticut"
39.1,"Mar",2022,"Connecticut"
49.5,"Mar",2020,"Delaware"
47.6,"Mar",2021,"Delaware"
46.9,"Mar",2022,"Delaware"
71,"Mar",2020,"Florida"
67.8,"Mar",2021,"Florida"
68.4,"Mar",2022,"Florida"
63.1,"Mar",2020,"Georgia"
59.9,"Mar",2021,"Georgia"
58.9,"Mar",2022,"Georgia"
35.1,"Mar",2020,"Idaho"
34.8,"Mar",2021,"Idaho"
36.2,"Mar",2022,"Idaho"
44.4,"Mar",2020,"Illinois"
46.2,"Mar",2021,"Illinois"
43.1,"Mar",2022,"Illinois"
44.6,"Mar",2020,"Indiana"
45.8,"Mar",2021,"Indiana"
43.7,"Mar",2022,"Indiana"
40.3,"Mar",2020,"Iowa"
42.3,"Mar",2021,"Iowa"
37,"Mar",2022,"Iowa"
47.9,"Mar",2020,"Kansas"
48.1,"Mar",2021,"Kansas"
44,"Mar",2022,"Kansas"
51.4,"Mar",2020,"Kentucky"
50.4,"Mar",2021,"Kentucky"
49,"Mar",2022,"Kentucky"
67.3,"Mar",2020,"Louisiana"
62.2,"Mar",2021,"Louisiana"
59,"Mar",2022,"Louisiana"
29.6,"Mar",2020,"Maine"
29.4,"Mar",2021,"Maine"
29,"Mar",2022,"Maine"
49.3,"Mar",2020,"Maryland"
47.2,"Mar",2021,"Maryland"
46.6,"Mar",2022,"Maryland"
40.2,"Mar",2020,"Massachusetts"
38.3,"Mar",2021,"Massachusetts"
38.2,"Mar",2022,"Massachusetts"
35,"Mar",2020,"Michigan"
36.8,"Mar",2021,"Michigan"
31,"Mar",2022,"Michigan"
30.4,"Mar",2020,"Minnesota"
35.6,"Mar",2021,"Minnesota"
26.1,"Mar",2022,"Minnesota"
64.1,"Mar",2020,"Mississippi"
60,"Mar",2021,"Mississippi"
57.1,"Mar",2022,"Mississippi"
48.8,"Mar",2020,"Missouri"
49.9,"Mar",2021,"Missouri"
46.2,"Mar",2022,"Missouri"
31.6,"Mar",2020,"Montana"
36.1,"Mar",2021,"Montana"
33.5,"Mar",2022,"Montana"
41.1,"Mar",2020,"Nebraska"
42.6,"Mar",2021,"Nebraska"
38,"Mar",2022,"Nebraska"
40.5,"Mar",2020,"Nevada"
39.2,"Mar",2021,"Nevada"
43.3,"Mar",2022,"Nevada"
34.2,"Mar",2020,"New Hampshire"
32.4,"Mar",2021,"New Hampshire"
32,"Mar",2022,"New Hampshire"
46.3,"Mar",2020,"New Jersey"
44,"Mar",2021,"New Jersey"
43.8,"Mar",2022,"New Jersey"
48,"Mar",2020,"New Mexico"
44.8,"Mar",2021,"New Mexico"
44.6,"Mar",2022,"New Mexico"
37.2,"Mar",2020,"New York"
35,"Mar",2021,"New York"
33.8,"Mar",2022,"New York"
55.9,"Mar",2020,"North Carolina"
53.1,"Mar",2021,"North Carolina"
53.5,"Mar",2022,"North Carolina"
29.8,"Mar",2020,"North Dakota"
35.9,"Mar",2021,"North Dakota"
26.9,"Mar",2022,"North Dakota"
44.7,"Mar",2020,"Ohio"
44.8,"Mar",2021,"Ohio"
43.2,"Mar",2022,"Ohio"
55.5,"Mar",2020,"Oklahoma"
53.9,"Mar",2021,"Oklahoma"
50.4,"Mar",2022,"Oklahoma"
38.8,"Mar",2020,"Oregon"
39,"Mar",2021,"Oregon"
41.8,"Mar",2022,"Oregon"
42.5,"Mar",2020,"Pennsylvania"
40.7,"Mar",2021,"Pennsylvania"
39.4,"Mar",2022,"Pennsylvania"
42.6,"Mar",2020,"Rhode Island"
40.2,"Mar",2021,"Rhode Island"
40.6,"Mar",2022,"Rhode Island"
60.4,"Mar",2020,"South Carolina"
57.6,"Mar",2021,"South Carolina"
57.7,"Mar",2022,"South Carolina"
36.4,"Mar",2020,"South Dakota"
39.4,"Mar",2021,"South Dakota"
33.4,"Mar",2022,"South Dakota"
54.7,"Mar",2020,"Tennessee"
53.6,"Mar",2021,"Tennessee"
51.6,"Mar",2022,"Tennessee"
63.2,"Mar",2020,"Texas"
59.4,"Mar",2021,"Texas"
57.1,"Mar",2022,"Texas"
40.8,"Mar",2020,"Utah"
38.4,"Mar",2021,"Utah"
40.1,"Mar",2022,"Utah"
33,"Mar",2020,"Vermont"
30.9,"Mar",2021,"Vermont"
30.6,"Mar",2022,"Vermont"
51.7,"Mar",2020,"Virginia"
48.5,"Mar",2021,"Virginia"
48.9,"Mar",2022,"Virginia"
38.3,"Mar",2020,"Washington"
39.7,"Mar",2021,"Washington"
41.5,"Mar",2022,"Washington"
47.8,"Mar",2020,"West Virginia"
45.8,"Mar",2021,"West Virginia"
44.6,"Mar",2022,"West Virginia"
34.3,"Mar",2020,"Wisconsin"
36.9,"Mar",2021,"Wisconsin"
29.5,"Mar",2022,"Wisconsin"
33.1,"Mar",2020,"Wyoming"
32.2,"Mar",2021,"Wyoming"
31.9,"Mar",2022,"Wyoming"
12,"Mar",2020,"Alaska"
9.1,"Mar",2021,"Alaska"
16.7,"Mar",2022,"Alaska"
62,"Apr",2020,"Alabama"
61.6,"Apr",2021,"Alabama"
62.5,"Apr",2022,"Alabama"
59.3,"Apr",2020,"Arizona"
61.2,"Apr",2021,"Arizona"
60.8,"Apr",2022,"Arizona"
58.8,"Apr",2020,"Arkansas"
58.4,"Apr",2021,"Arkansas"
59.8,"Apr",2022,"Arkansas"
56.6,"Apr",2020,"California"
58.2,"Apr",2021,"California"
55.9,"Apr",2022,"California"
43.4,"Apr",2020,"Colorado"
43.1,"Apr",2021,"Colorado"
43.7,"Apr",2022,"Colorado"
44.4,"Apr",2020,"Connecticut"
48.7,"Apr",2021,"Connecticut"
47.7,"Apr",2022,"Connecticut"
51.8,"Apr",2020,"Delaware"
55.3,"Apr",2021,"Delaware"
53.2,"Apr",2022,"Delaware"
73.1,"Apr",2020,"Florida"
69.9,"Apr",2021,"Florida"
71.7,"Apr",2022,"Florida"
63.1,"Apr",2020,"Georgia"
62.1,"Apr",2021,"Georgia"
63,"Apr",2022,"Georgia"
41.6,"Apr",2020,"Idaho"
42,"Apr",2021,"Idaho"
37,"Apr",2022,"Idaho"
49.6,"Apr",2020,"Illinois"
52.5,"Apr",2021,"Illinois"
49.6,"Apr",2022,"Illinois"
48.9,"Apr",2020,"Indiana"
51.9,"Apr",2021,"Indiana"
49.4,"Apr",2022,"Indiana"
46.7,"Apr",2020,"Iowa"
49.3,"Apr",2021,"Iowa"
43.8,"Apr",2022,"Iowa"
52.7,"Apr",2020,"Kansas"
52.5,"Apr",2021,"Kansas"
54.1,"Apr",2022,"Kansas"
52.8,"Apr",2020,"Kentucky"
54.6,"Apr",2021,"Kentucky"
54.4,"Apr",2022,"Kentucky"
66.6,"Apr",2020,"Louisiana"
64.7,"Apr",2021,"Louisiana"
67.5,"Apr",2022,"Louisiana"
37.7,"Apr",2020,"Maine"
43.2,"Apr",2021,"Maine"
40.6,"Apr",2022,"Maine"
51.6,"Apr",2020,"Maryland"
55,"Apr",2021,"Maryland"
53.1,"Apr",2022,"Maryland"
43.1,"Apr",2020,"Massachusetts"
47.8,"Apr",2021,"Massachusetts"
47.1,"Apr",2022,"Massachusetts"
40.2,"Apr",2020,"Michigan"
45.1,"Apr",2021,"Michigan"
40.2,"Apr",2022,"Michigan"
39.4,"Apr",2020,"Minnesota"
42.3,"Apr",2021,"Minnesota"
35.6,"Apr",2022,"Minnesota"
62.9,"Apr",2020,"Mississippi"
61.8,"Apr",2021,"Mississippi"
63.9,"Apr",2022,"Mississippi"
53.1,"Apr",2020,"Missouri"
54.2,"Apr",2021,"Missouri"
53.1,"Apr",2022,"Missouri"
38.3,"Apr",2020,"Montana"
40.5,"Apr",2021,"Montana"
35.1,"Apr",2022,"Montana"
46.1,"Apr",2020,"Nebraska"
47,"Apr",2021,"Nebraska"
46.5,"Apr",2022,"Nebraska"
48.8,"Apr",2020,"Nevada"
49.3,"Apr",2021,"Nevada"
47.2,"Apr",2022,"Nevada"
39.6,"Apr",2020,"New Hampshire"
44,"Apr",2021,"New Hampshire"
42.4,"Apr",2022,"New Hampshire"
48.7,"Apr",2020,"New Jersey"
52.6,"Apr",2021,"New Jersey"
51,"Apr",2022,"New Jersey"
54,"Apr",2020,"New Mexico"
53.2,"Apr",2021,"New Mexico"
55.4,"Apr",2022,"New Mexico"
41.1,"Apr",2020,"New York"
45.7,"Apr",2021,"New York"
43.8,"Apr",2022,"New York"
57.4,"Apr",2020,"North Carolina"
58.6,"Apr",2021,"North Carolina"
58.8,"Apr",2022,"North Carolina"
37.6,"Apr",2020,"North Dakota"
40.7,"Apr",2021,"North Dakota"
33.5,"Apr",2022,"North Dakota"
47.8,"Apr",2020,"Ohio"
51.4,"Apr",2021,"Ohio"
48.7,"Apr",2022,"Ohio"
57.9,"Apr",2020,"Oklahoma"
57.4,"Apr",2021,"Oklahoma"
61.1,"Apr",2022,"Oklahoma"
46.3,"Apr",2020,"Oregon"
46.6,"Apr",2021,"Oregon"
40.2,"Apr",2022,"Oregon"
45.1,"Apr",2020,"Pennsylvania"
49.4,"Apr",2021,"Pennsylvania"
47,"Apr",2022,"Pennsylvania"
44.1,"Apr",2020,"Rhode Island"
48.8,"Apr",2021,"Rhode Island"
48.4,"Apr",2022,"Rhode Island"
62.1,"Apr",2020,"South Carolina"
62,"Apr",2021,"South Carolina"
62.3,"Apr",2022,"South Carolina"
42,"Apr",2020,"South Dakota"
43.6,"Apr",2021,"South Dakota"
39.6,"Apr",2022,"South Dakota"
55.4,"Apr",2020,"Tennessee"
56.2,"Apr",2021,"Tennessee"
56.8,"Apr",2022,"Tennessee"
65.1,"Apr",2020,"Texas"
63.7,"Apr",2021,"Texas"
68.8,"Apr",2022,"Texas"
47.4,"Apr",2020,"Utah"
47.4,"Apr",2021,"Utah"
46.3,"Apr",2022,"Utah"
38.8,"Apr",2020,"Vermont"
43.2,"Apr",2021,"Vermont"
41.3,"Apr",2022,"Vermont"
53.3,"Apr",2020,"Virginia"
55.3,"Apr",2021,"Virginia"
55.2,"Apr",2022,"Virginia"
46,"Apr",2020,"Washington"
46.8,"Apr",2021,"Washington"
40.7,"Apr",2022,"Washington"
48.9,"Apr",2020,"West Virginia"
51.3,"Apr",2021,"West Virginia"
50.8,"Apr",2022,"West Virginia"
40.7,"Apr",2020,"Wisconsin"
45,"Apr",2021,"Wisconsin"
39,"Apr",2022,"Wisconsin"
37.6,"Apr",2020,"Wyoming"
38,"Apr",2021,"Wyoming"
36.1,"Apr",2022,"Wyoming"
27.5,"Apr",2020,"Alaska"
23.9,"Apr",2021,"Alaska"
25.1,"Apr",2022,"Alaska"
68.9,"May",2020,"Alabama"
69.4,"May",2021,"Alabama"
73.5,"May",2022,"Alabama"
70.5,"May",2020,"Arizona"
67.9,"May",2021,"Arizona"
68.6,"May",2022,"Arizona"
66.8,"May",2020,"Arkansas"
66.8,"May",2021,"Arkansas"
71,"May",2022,"Arkansas"
64.6,"May",2020,"California"
64.5,"May",2021,"California"
62.3,"May",2022,"California"
55.6,"May",2020,"Colorado"
52.9,"May",2021,"Colorado"
53.3,"May",2022,"Colorado"
56.4,"May",2020,"Connecticut"
57.8,"May",2021,"Connecticut"
60.8,"May",2022,"Connecticut"
60.6,"May",2020,"Delaware"
63.3,"May",2021,"Delaware"
64.5,"May",2022,"Delaware"
75.8,"May",2020,"Florida"
76.1,"May",2021,"Florida"
77.6,"May",2022,"Florida"
69.4,"May",2020,"Georgia"
69.4,"May",2021,"Georgia"
73.2,"May",2022,"Georgia"
50.6,"May",2020,"Idaho"
49.8,"May",2021,"Idaho"
46.2,"May",2022,"Idaho"
60.6,"May",2020,"Illinois"
61.1,"May",2021,"Illinois"
65.3,"May",2022,"Illinois"
59.7,"May",2020,"Indiana"
59.6,"May",2021,"Indiana"
64.9,"May",2022,"Indiana"
57.6,"May",2020,"Iowa"
59,"May",2021,"Iowa"
61.3,"May",2022,"Iowa"
61.7,"May",2020,"Kansas"
61.9,"May",2021,"Kansas"
64.6,"May",2022,"Kansas"
62.2,"May",2020,"Kentucky"
62.4,"May",2021,"Kentucky"
67.6,"May",2022,"Kentucky"
73,"May",2020,"Louisiana"
72.3,"May",2021,"Louisiana"
77.1,"May",2022,"Louisiana"
51.2,"May",2020,"Maine"
52.4,"May",2021,"Maine"
54.3,"May",2022,"Maine"
60.5,"May",2020,"Maryland"
62.2,"May",2021,"Maryland"
64.6,"May",2022,"Maryland"
56.2,"May",2020,"Massachusetts"
57.6,"May",2021,"Massachusetts"
59.9,"May",2022,"Massachusetts"
53.2,"May",2020,"Michigan"
54,"May",2021,"Michigan"
57.6,"May",2022,"Michigan"
53.5,"May",2020,"Minnesota"
55.1,"May",2021,"Minnesota"
55.4,"May",2022,"Minnesota"
70.3,"May",2020,"Mississippi"
69.9,"May",2021,"Mississippi"
75,"May",2022,"Mississippi"
62,"May",2020,"Missouri"
62.3,"May",2021,"Missouri"
65.9,"May",2022,"Missouri"
50.6,"May",2020,"Montana"
48.6,"May",2021,"Montana"
48.6,"May",2022,"Montana"
56.8,"May",2020,"Nebraska"
57.9,"May",2021,"Nebraska"
58.6,"May",2022,"Nebraska"
58.8,"May",2020,"Nevada"
57.2,"May",2021,"Nevada"
54.4,"May",2022,"Nevada"
53.4,"May",2020,"New Hampshire"
54.5,"May",2021,"New Hampshire"
57.1,"May",2022,"New Hampshire"
59.1,"May",2020,"New Jersey"
60.8,"May",2021,"New Jersey"
63.1,"May",2022,"New Jersey"
65.1,"May",2020,"New Mexico"
62.7,"May",2021,"New Mexico"
64.9,"May",2022,"New Mexico"
54.2,"May",2020,"New York"
54.7,"May",2021,"New York"
58.5,"May",2022,"New York"
63.6,"May",2020,"North Carolina"
65.5,"May",2021,"North Carolina"
68.9,"May",2022,"North Carolina"
52.5,"May",2020,"North Dakota"
52.8,"May",2021,"North Dakota"
52.9,"May",2022,"North Dakota"
58.4,"May",2020,"Ohio"
58.8,"May",2021,"Ohio"
63.8,"May",2022,"Ohio"
67.2,"May",2020,"Oklahoma"
65.9,"May",2021,"Oklahoma"
70.6,"May",2022,"Oklahoma"
52.6,"May",2020,"Oregon"
52,"May",2021,"Oregon"
47.7,"May",2022,"Oregon"
56,"May",2020,"Pennsylvania"
57,"May",2021,"Pennsylvania"
60.5,"May",2022,"Pennsylvania"
56.6,"May",2020,"Rhode Island"
58,"May",2021,"Rhode Island"
60.2,"May",2022,"Rhode Island"
68,"May",2020,"South Carolina"
69.1,"May",2021,"South Carolina"
72.8,"May",2022,"South Carolina"
54.2,"May",2020,"South Dakota"
55,"May",2021,"South Dakota"
55.4,"May",2022,"South Dakota"
64,"May",2020,"Tennessee"
64.1,"May",2021,"Tennessee"
68.9,"May",2022,"Tennessee"
74.6,"May",2020,"Texas"
71.9,"May",2021,"Texas"
77.9,"May",2022,"Texas"
59,"May",2020,"Utah"
57.1,"May",2021,"Utah"
54.7,"May",2022,"Utah"
52.6,"May",2020,"Vermont"
53.3,"May",2021,"Vermont"
56.8,"May",2022,"Vermont"
60.5,"May",2020,"Virginia"
62.3,"May",2021,"Virginia"
65.1,"May",2022,"Virginia"
53.3,"May",2020,"Washington"
52.6,"May",2021,"Washington"
48.4,"May",2022,"Washington"
57.8,"May",2020,"West Virginia"
58.7,"May",2021,"West Virginia"
63,"May",2022,"West Virginia"
54.1,"May",2020,"Wisconsin"
54.9,"May",2021,"Wisconsin"
57.2,"May",2022,"Wisconsin"
50.3,"May",2020,"Wyoming"
48.8,"May",2021,"Wyoming"
46.7,"May",2022,"Wyoming"
43.3,"May",2020,"Alaska"
40.3,"May",2021,"Alaska"
39.9,"May",2022,"Alaska"
76.9,"Jun",2020,"Alabama"
77,"Jun",2021,"Alabama"
80.3,"Jun",2022,"Alabama"
76.8,"Jun",2020,"Arizona"
80.6,"Jun",2021,"Arizona"
78.5,"Jun",2022,"Arizona"
76.4,"Jun",2020,"Arkansas"
76.9,"Jun",2021,"Arkansas"
78.2,"Jun",2022,"Arkansas"
70.4,"Jun",2020,"California"
74.9,"Jun",2021,"California"
72.1,"Jun",2022,"California"
65,"Jun",2020,"Colorado"
65.7,"Jun",2021,"Colorado"
64.3,"Jun",2022,"Colorado"
68.4,"Jun",2020,"Connecticut"
69.2,"Jun",2021,"Connecticut"
66.4,"Jun",2022,"Connecticut"
73.7,"Jun",2020,"Delaware"
73.8,"Jun",2021,"Delaware"
71.8,"Jun",2022,"Delaware"
81,"Jun",2020,"Florida"
80.7,"Jun",2021,"Florida"
81.9,"Jun",2022,"Florida"
76.9,"Jun",2020,"Georgia"
77,"Jun",2021,"Georgia"
80.1,"Jun",2022,"Georgia"
56.2,"Jun",2020,"Idaho"
65.1,"Jun",2021,"Idaho"
57.2,"Jun",2022,"Idaho"
73.6,"Jun",2020,"Illinois"
74.1,"Jun",2021,"Illinois"
73.5,"Jun",2022,"Illinois"
72.1,"Jun",2020,"Indiana"
72.7,"Jun",2021,"Indiana"
72.2,"Jun",2022,"Indiana"
72.9,"Jun",2020,"Iowa"
73.5,"Jun",2021,"Iowa"
71.6,"Jun",2022,"Iowa"
77.7,"Jun",2020,"Kansas"
75.8,"Jun",2021,"Kansas"
75.8,"Jun",2022,"Kansas"
72.6,"Jun",2020,"Kentucky"
73.4,"Jun",2021,"Kentucky"
74.1,"Jun",2022,"Kentucky"
79.7,"Jun",2020,"Louisiana"
80.4,"Jun",2021,"Louisiana"
82.7,"Jun",2022,"Louisiana"
62.5,"Jun",2020,"Maine"
64.9,"Jun",2021,"Maine"
60.1,"Jun",2022,"Maine"
72.7,"Jun",2020,"Maryland"
73.1,"Jun",2021,"Maryland"
72.1,"Jun",2022,"Maryland"
67.6,"Jun",2020,"Massachusetts"
69.2,"Jun",2021,"Massachusetts"
65.5,"Jun",2022,"Massachusetts"
66,"Jun",2020,"Michigan"
67.8,"Jun",2021,"Michigan"
65,"Jun",2022,"Michigan"
67.7,"Jun",2020,"Minnesota"
69.9,"Jun",2021,"Minnesota"
66.2,"Jun",2022,"Minnesota"
78.1,"Jun",2020,"Mississippi"
78.1,"Jun",2021,"Mississippi"
81.3,"Jun",2022,"Mississippi"
75.1,"Jun",2020,"Missouri"
74.9,"Jun",2021,"Missouri"
75.3,"Jun",2022,"Missouri"
59.3,"Jun",2020,"Montana"
65.3,"Jun",2021,"Montana"
58.5,"Jun",2022,"Montana"
73.5,"Jun",2020,"Nebraska"
72.8,"Jun",2021,"Nebraska"
71.4,"Jun",2022,"Nebraska"
65,"Jun",2020,"Nevada"
72.6,"Jun",2021,"Nevada"
66.9,"Jun",2022,"Nevada"
64,"Jun",2020,"New Hampshire"
66.1,"Jun",2021,"New Hampshire"
61.7,"Jun",2022,"New Hampshire"
71.5,"Jun",2020,"New Jersey"
71.8,"Jun",2021,"New Jersey"
69.9,"Jun",2022,"New Jersey"
72.5,"Jun",2020,"New Mexico"
73.1,"Jun",2021,"New Mexico"
72.6,"Jun",2022,"New Mexico"
65.2,"Jun",2020,"New York"
67.1,"Jun",2021,"New York"
63.8,"Jun",2022,"New York"
73.2,"Jun",2020,"North Carolina"
73.8,"Jun",2021,"North Carolina"
75.2,"Jun",2022,"North Carolina"
66.9,"Jun",2020,"North Dakota"
69.3,"Jun",2021,"North Dakota"
64.6,"Jun",2022,"North Dakota"
70.4,"Jun",2020,"Ohio"
71.5,"Jun",2021,"Ohio"
70.6,"Jun",2022,"Ohio"
78.8,"Jun",2020,"Oklahoma"
77.4,"Jun",2021,"Oklahoma"
79.5,"Jun",2022,"Oklahoma"
57.9,"Jun",2020,"Oregon"
65.2,"Jun",2021,"Oregon"
58.1,"Jun",2022,"Oregon"
67.2,"Jun",2020,"Pennsylvania"
68.6,"Jun",2021,"Pennsylvania"
67.1,"Jun",2022,"Pennsylvania"
68.1,"Jun",2020,"Rhode Island"
69.6,"Jun",2021,"Rhode Island"
66.3,"Jun",2022,"Rhode Island"
76.1,"Jun",2020,"South Carolina"
76.8,"Jun",2021,"South Carolina"
78.8,"Jun",2022,"South Carolina"
70.3,"Jun",2020,"South Dakota"
72.3,"Jun",2021,"South Dakota"
67.7,"Jun",2022,"South Dakota"
73.5,"Jun",2020,"Tennessee"
74,"Jun",2021,"Tennessee"
75.8,"Jun",2022,"Tennessee"
80.7,"Jun",2020,"Texas"
80.3,"Jun",2021,"Texas"
83.7,"Jun",2022,"Texas"
65.4,"Jun",2020,"Utah"
71.9,"Jun",2021,"Utah"
67.6,"Jun",2022,"Utah"
62.8,"Jun",2020,"Vermont"
65.4,"Jun",2021,"Vermont"
61.2,"Jun",2022,"Vermont"
71.3,"Jun",2020,"Virginia"
72,"Jun",2021,"Virginia"
72.1,"Jun",2022,"Virginia"
57.9,"Jun",2020,"Washington"
64.6,"Jun",2021,"Washington"
57.9,"Jun",2022,"Washington"
68.1,"Jun",2020,"West Virginia"
69.2,"Jun",2021,"West Virginia"
68.8,"Jun",2022,"West Virginia"
66.5,"Jun",2020,"Wisconsin"
69.4,"Jun",2021,"Wisconsin"
65.4,"Jun",2022,"Wisconsin"
59.7,"Jun",2020,"Wyoming"
64.9,"Jun",2021,"Wyoming"
59,"Jun",2022,"Wyoming"
50.5,"Jun",2020,"Alaska"
50.9,"Jun",2021,"Alaska"
52.7,"Jun",2022,"Alaska"
80.9,"Jul",2020,"Alabama"
79.3,"Jul",2021,"Alabama"
81.7,"Jul",2022,"Alabama"
82.8,"Jul",2020,"Arizona"
81.5,"Jul",2021,"Arizona"
82,"Jul",2022,"Arizona"
81.3,"Jul",2020,"Arkansas"
79.3,"Jul",2021,"Arkansas"
84.1,"Jul",2022,"Arkansas"
76.6,"Jul",2020,"California"
79.8,"Jul",2021,"California"
77.6,"Jul",2022,"California"
69.3,"Jul",2020,"Colorado"
70,"Jul",2021,"Colorado"
70.2,"Jul",2022,"Colorado"
75.6,"Jul",2020,"Connecticut"
71.1,"Jul",2021,"Connecticut"
74.3,"Jul",2022,"Connecticut"
80.7,"Jul",2020,"Delaware"
77.7,"Jul",2021,"Delaware"
78.5,"Jul",2022,"Delaware"
83,"Jul",2020,"Florida"
81.9,"Jul",2021,"Florida"
83,"Jul",2022,"Florida"
81.5,"Jul",2020,"Georgia"
79.3,"Jul",2021,"Georgia"
81.2,"Jul",2022,"Georgia"
64.9,"Jul",2020,"Idaho"
71.8,"Jul",2021,"Idaho"
69.5,"Jul",2022,"Idaho"
77.3,"Jul",2020,"Illinois"
74.6,"Jul",2021,"Illinois"
75.8,"Jul",2022,"Illinois"
76.5,"Jul",2020,"Indiana"
73.7,"Jul",2021,"Indiana"
75.2,"Jul",2022,"Indiana"
75.3,"Jul",2020,"Iowa"
73.4,"Jul",2021,"Iowa"
74.2,"Jul",2022,"Iowa"
79.2,"Jul",2020,"Kansas"
77.7,"Jul",2021,"Kansas"
81,"Jul",2022,"Kansas"
78.7,"Jul",2020,"Kentucky"
75.9,"Jul",2021,"Kentucky"
78.3,"Jul",2022,"Kentucky"
82.8,"Jul",2020,"Louisiana"
81.8,"Jul",2021,"Louisiana"
84,"Jul",2022,"Louisiana"
68.9,"Jul",2020,"Maine"
63.7,"Jul",2021,"Maine"
67.7,"Jul",2022,"Maine"
80.1,"Jul",2020,"Maryland"
77.2,"Jul",2021,"Maryland"
77.7,"Jul",2022,"Maryland"
74.6,"Jul",2020,"Massachusetts"
69.8,"Jul",2021,"Massachusetts"
73.3,"Jul",2022,"Massachusetts"
72.5,"Jul",2020,"Michigan"
68.7,"Jul",2021,"Michigan"
69.2,"Jul",2022,"Michigan"
71.3,"Jul",2020,"Minnesota"
71.1,"Jul",2021,"Minnesota"
69.7,"Jul",2022,"Minnesota"
82.1,"Jul",2020,"Mississippi"
80.4,"Jul",2021,"Mississippi"
82.8,"Jul",2022,"Mississippi"
79.2,"Jul",2020,"Missouri"
76.7,"Jul",2021,"Missouri"
79.7,"Jul",2022,"Missouri"
65.6,"Jul",2020,"Montana"
72.5,"Jul",2021,"Montana"
69.1,"Jul",2022,"Montana"
75.3,"Jul",2020,"Nebraska"
75,"Jul",2021,"Nebraska"
76.4,"Jul",2022,"Nebraska"
74.2,"Jul",2020,"Nevada"
77.8,"Jul",2021,"Nevada"
76.2,"Jul",2022,"Nevada"
71.1,"Jul",2020,"New Hampshire"
65.6,"Jul",2021,"New Hampshire"
68.6,"Jul",2022,"New Hampshire"
78.8,"Jul",2020,"New Jersey"
75.7,"Jul",2021,"New Jersey"
77.8,"Jul",2022,"New Jersey"
76.6,"Jul",2020,"New Mexico"
73.3,"Jul",2021,"New Mexico"
76.4,"Jul",2022,"New Mexico"
72.9,"Jul",2020,"New York"
67.7,"Jul",2021,"New York"
69.7,"Jul",2022,"New York"
79.6,"Jul",2020,"North Carolina"
77.1,"Jul",2021,"North Carolina"
79.1,"Jul",2022,"North Carolina"
70.3,"Jul",2020,"North Dakota"
73.8,"Jul",2021,"North Dakota"
70.6,"Jul",2022,"North Dakota"
76.9,"Jul",2020,"Ohio"
73,"Jul",2021,"Ohio"
74.1,"Jul",2022,"Ohio"
82.6,"Jul",2020,"Oklahoma"
80,"Jul",2021,"Oklahoma"
86.6,"Jul",2022,"Oklahoma"
66,"Jul",2020,"Oregon"
71.4,"Jul",2021,"Oregon"
69.6,"Jul",2022,"Oregon"
74.9,"Jul",2020,"Pennsylvania"
71.2,"Jul",2021,"Pennsylvania"
72.4,"Jul",2022,"Pennsylvania"
75.4,"Jul",2020,"Rhode Island"
71.2,"Jul",2021,"Rhode Island"
74.4,"Jul",2022,"Rhode Island"
81.9,"Jul",2020,"South Carolina"
79.4,"Jul",2021,"South Carolina"
81.2,"Jul",2022,"South Carolina"
73.5,"Jul",2020,"South Dakota"
75.3,"Jul",2021,"South Dakota"
74.6,"Jul",2022,"South Dakota"
79.2,"Jul",2020,"Tennessee"
77,"Jul",2021,"Tennessee"
80.1,"Jul",2022,"Tennessee"
85.2,"Jul",2020,"Texas"
80.9,"Jul",2021,"Texas"
87.1,"Jul",2022,"Texas"
73.7,"Jul",2020,"Utah"
76.2,"Jul",2021,"Utah"
75.5,"Jul",2022,"Utah"
70.9,"Jul",2020,"Vermont"
64.9,"Jul",2021,"Vermont"
67.4,"Jul",2022,"Vermont"
78.7,"Jul",2020,"Virginia"
75.9,"Jul",2021,"Virginia"
76.9,"Jul",2022,"Virginia"
64.8,"Jul",2020,"Washington"
69.7,"Jul",2021,"Washington"
68,"Jul",2022,"Washington"
75.6,"Jul",2020,"West Virginia"
72.2,"Jul",2021,"West Virginia"
73,"Jul",2022,"West Virginia"
71.9,"Jul",2020,"Wisconsin"
69.4,"Jul",2021,"Wisconsin"
69.4,"Jul",2022,"Wisconsin"
66.6,"Jul",2020,"Wyoming"
70.1,"Jul",2021,"Wyoming"
68.9,"Jul",2022,"Wyoming"
53.2,"Jul",2020,"Alaska"
53.9,"Jul",2021,"Alaska"
53.4,"Jul",2022,"Alaska"
80.2,"Aug",2020,"Alabama"
80,"Aug",2021,"Alabama"
79.3,"Aug",2022,"Alabama"
84.1,"Aug",2020,"Arizona"
79.5,"Aug",2021,"Arizona"
78.7,"Aug",2022,"Arizona"
77.8,"Aug",2020,"Arkansas"
80.7,"Aug",2021,"Arkansas"
79.4,"Aug",2022,"Arkansas"
78.9,"Aug",2020,"California"
77,"Aug",2021,"California"
78.3,"Aug",2022,"California"
70.1,"Aug",2020,"Colorado"
67.4,"Aug",2021,"Colorado"
67.8,"Aug",2022,"Colorado"
72.6,"Aug",2020,"Connecticut"
72.8,"Aug",2021,"Connecticut"
74.6,"Aug",2022,"Connecticut"
77.2,"Aug",2020,"Delaware"
76.9,"Aug",2021,"Delaware"
77.7,"Aug",2022,"Delaware"
83.2,"Aug",2020,"Florida"
82.6,"Aug",2021,"Florida"
82.8,"Aug",2022,"Florida"
80.4,"Aug",2020,"Georgia"
80,"Aug",2021,"Georgia"
79.5,"Aug",2022,"Georgia"
67.1,"Aug",2020,"Idaho"
63.9,"Aug",2021,"Idaho"
69.4,"Aug",2022,"Idaho"
72.8,"Aug",2020,"Illinois"
75.6,"Aug",2021,"Illinois"
73.6,"Aug",2022,"Illinois"
72,"Aug",2020,"Indiana"
75,"Aug",2021,"Indiana"
72.9,"Aug",2022,"Indiana"
71.9,"Aug",2020,"Iowa"
72.9,"Aug",2021,"Iowa"
72,"Aug",2022,"Iowa"
76.4,"Aug",2020,"Kansas"
79.1,"Aug",2021,"Kansas"
79.1,"Aug",2022,"Kansas"
74.8,"Aug",2020,"Kentucky"
76.6,"Aug",2021,"Kentucky"
75.4,"Aug",2022,"Kentucky"
82.2,"Aug",2020,"Louisiana"
82.6,"Aug",2021,"Louisiana"
81.9,"Aug",2022,"Louisiana"
65.6,"Aug",2020,"Maine"
68.2,"Aug",2021,"Maine"
67.3,"Aug",2022,"Maine"
76.6,"Aug",2020,"Maryland"
77.1,"Aug",2021,"Maryland"
76.6,"Aug",2022,"Maryland"
71.7,"Aug",2020,"Massachusetts"
72.7,"Aug",2021,"Massachusetts"
73.8,"Aug",2022,"Massachusetts"
68.6,"Aug",2020,"Michigan"
71,"Aug",2021,"Michigan"
68.2,"Aug",2022,"Michigan"
68.2,"Aug",2020,"Minnesota"
69.4,"Aug",2021,"Minnesota"
67.3,"Aug",2022,"Minnesota"
80.2,"Aug",2020,"Mississippi"
80.8,"Aug",2021,"Mississippi"
80.2,"Aug",2022,"Mississippi"
74.2,"Aug",2020,"Missouri"
77.4,"Aug",2021,"Missouri"
76.5,"Aug",2022,"Missouri"
67.4,"Aug",2020,"Montana"
64.7,"Aug",2021,"Montana"
69.7,"Aug",2022,"Montana"
74,"Aug",2020,"Nebraska"
74.3,"Aug",2021,"Nebraska"
74.9,"Aug",2022,"Nebraska"
75.6,"Aug",2020,"Nevada"
72.4,"Aug",2021,"Nevada"
74.3,"Aug",2022,"Nevada"
66.5,"Aug",2020,"New Hampshire"
69.2,"Aug",2021,"New Hampshire"
69.7,"Aug",2022,"New Hampshire"
75.5,"Aug",2020,"New Jersey"
75.9,"Aug",2021,"New Jersey"
77.1,"Aug",2022,"New Jersey"
76.2,"Aug",2020,"New Mexico"
72.2,"Aug",2021,"New Mexico"
72,"Aug",2022,"New Mexico"
68.6,"Aug",2020,"New York"
70.4,"Aug",2021,"New York"
70,"Aug",2022,"New York"
77.5,"Aug",2020,"North Carolina"
77.8,"Aug",2021,"North Carolina"
76.6,"Aug",2022,"North Carolina"
69.2,"Aug",2020,"North Dakota"
68.9,"Aug",2021,"North Dakota"
69.4,"Aug",2022,"North Dakota"
72.2,"Aug",2020,"Ohio"
74.6,"Aug",2021,"Ohio"
72.2,"Aug",2022,"Ohio"
79.4,"Aug",2020,"Oklahoma"
81.3,"Aug",2021,"Oklahoma"
82.6,"Aug",2022,"Oklahoma"
67.2,"Aug",2020,"Oregon"
66.4,"Aug",2021,"Oregon"
70.6,"Aug",2022,"Oregon"
71.6,"Aug",2020,"Pennsylvania"
72.6,"Aug",2021,"Pennsylvania"
71.4,"Aug",2022,"Pennsylvania"
73.8,"Aug",2020,"Rhode Island"
73.6,"Aug",2021,"Rhode Island"
75,"Aug",2022,"Rhode Island"
80.1,"Aug",2020,"South Carolina"
80.1,"Aug",2021,"South Carolina"
79,"Aug",2022,"South Carolina"
72.6,"Aug",2020,"South Dakota"
72.5,"Aug",2021,"South Dakota"
73.2,"Aug",2022,"South Dakota"
76.4,"Aug",2020,"Tennessee"
77.2,"Aug",2021,"Tennessee"
76.4,"Aug",2022,"Tennessee"
84.4,"Aug",2020,"Texas"
81.9,"Aug",2021,"Texas"
83.3,"Aug",2022,"Texas"
75.8,"Aug",2020,"Utah"
70.9,"Aug",2021,"Utah"
72.3,"Aug",2022,"Utah"
65.2,"Aug",2020,"Vermont"
68.8,"Aug",2021,"Vermont"
68.3,"Aug",2022,"Vermont"
75.5,"Aug",2020,"Virginia"
76.4,"Aug",2021,"Virginia"
74.7,"Aug",2022,"Virginia"
65.7,"Aug",2020,"Washington"
65.8,"Aug",2021,"Washington"
69.8,"Aug",2022,"Washington"
72.5,"Aug",2020,"West Virginia"
73.9,"Aug",2021,"West Virginia"
71.8,"Aug",2022,"West Virginia"
68.3,"Aug",2020,"Wisconsin"
69.2,"Aug",2021,"Wisconsin"
67.4,"Aug",2022,"Wisconsin"
67.7,"Aug",2020,"Wyoming"
64.1,"Aug",2021,"Wyoming"
67.4,"Aug",2022,"Wyoming"
52.1,"Aug",2020,"Alaska"
49.4,"Aug",2021,"Alaska"
50.1,"Aug",2022,"Alaska"
74.3,"Sep",2020,"Alabama"
73.9,"Sep",2021,"Alabama"
73.8,"Sep",2022,"Alabama"
75.6,"Sep",2020,"Arizona"
74.8,"Sep",2021,"Arizona"
75.6,"Sep",2022,"Arizona"
71.8,"Sep",2020,"Arkansas"
74.3,"Sep",2021,"Arkansas"
73.8,"Sep",2022,"Arkansas"
74,"Sep",2020,"California"
72.2,"Sep",2021,"California"
73.6,"Sep",2022,"California"
58.8,"Sep",2020,"Colorado"
62.4,"Sep",2021,"Colorado"
62.5,"Sep",2022,"Colorado"
63.5,"Sep",2020,"Connecticut"
65.2,"Sep",2021,"Connecticut"
63.7,"Sep",2022,"Connecticut"
68.7,"Sep",2020,"Delaware"
70.1,"Sep",2021,"Delaware"
68.8,"Sep",2022,"Delaware"
80.6,"Sep",2020,"Florida"
79.7,"Sep",2021,"Florida"
79.8,"Sep",2022,"Florida"
74.3,"Sep",2020,"Georgia"
73.8,"Sep",2021,"Georgia"
73.9,"Sep",2022,"Georgia"
58.7,"Sep",2020,"Idaho"
57.2,"Sep",2021,"Idaho"
60.8,"Sep",2022,"Idaho"
65.6,"Sep",2020,"Illinois"
69.6,"Sep",2021,"Illinois"
67,"Sep",2022,"Illinois"
65.2,"Sep",2020,"Indiana"
68.4,"Sep",2021,"Indiana"
66.1,"Sep",2022,"Indiana"
61.9,"Sep",2020,"Iowa"
66.6,"Sep",2021,"Iowa"
65.1,"Sep",2022,"Iowa"
66.3,"Sep",2020,"Kansas"
73.3,"Sep",2021,"Kansas"
71.9,"Sep",2022,"Kansas"
68.3,"Sep",2020,"Kentucky"
68.9,"Sep",2021,"Kentucky"
68.2,"Sep",2022,"Kentucky"
77.6,"Sep",2020,"Louisiana"
76.9,"Sep",2021,"Louisiana"
77.3,"Sep",2022,"Louisiana"
56.8,"Sep",2020,"Maine"
59,"Sep",2021,"Maine"
57.1,"Sep",2022,"Maine"
67.3,"Sep",2020,"Maryland"
69.6,"Sep",2021,"Maryland"
68.4,"Sep",2022,"Maryland"
62.8,"Sep",2020,"Massachusetts"
64.8,"Sep",2021,"Massachusetts"
62.4,"Sep",2022,"Massachusetts"
58.2,"Sep",2020,"Michigan"
61.4,"Sep",2021,"Michigan"
60.9,"Sep",2022,"Michigan"
56.5,"Sep",2020,"Minnesota"
61.6,"Sep",2021,"Minnesota"
60.2,"Sep",2022,"Minnesota"
75.3,"Sep",2020,"Mississippi"
74.8,"Sep",2021,"Mississippi"
75,"Sep",2022,"Mississippi"
67.3,"Sep",2020,"Missouri"
71.5,"Sep",2021,"Missouri"
69.5,"Sep",2022,"Missouri"
57,"Sep",2020,"Montana"
58.3,"Sep",2021,"Montana"
60.7,"Sep",2022,"Montana"
62.7,"Sep",2020,"Nebraska"
67.6,"Sep",2021,"Nebraska"
67.4,"Sep",2022,"Nebraska"
66.6,"Sep",2020,"Nevada"
65.5,"Sep",2021,"Nevada"
67.7,"Sep",2022,"Nevada"
58.5,"Sep",2020,"New Hampshire"
60.5,"Sep",2021,"New Hampshire"
58,"Sep",2022,"New Hampshire"
66.8,"Sep",2020,"New Jersey"
68.7,"Sep",2021,"New Jersey"
67.6,"Sep",2022,"New Jersey"
65,"Sep",2020,"New Mexico"
68.3,"Sep",2021,"New Mexico"
68.2,"Sep",2022,"New Mexico"
59.6,"Sep",2020,"New York"
61.7,"Sep",2021,"New York"
60.5,"Sep",2022,"New York"
69.7,"Sep",2020,"North Carolina"
70.6,"Sep",2021,"North Carolina"
70.4,"Sep",2022,"North Carolina"
57.1,"Sep",2020,"North Dakota"
62.2,"Sep",2021,"North Dakota"
60.9,"Sep",2022,"North Dakota"
64.7,"Sep",2020,"Ohio"
66.9,"Sep",2021,"Ohio"
65.2,"Sep",2022,"Ohio"
70.3,"Sep",2020,"Oklahoma"
76.7,"Sep",2021,"Oklahoma"
75.9,"Sep",2022,"Oklahoma"
62.6,"Sep",2020,"Oregon"
59.4,"Sep",2021,"Oregon"
62.6,"Sep",2022,"Oregon"
62.1,"Sep",2020,"Pennsylvania"
64.3,"Sep",2021,"Pennsylvania"
63,"Sep",2022,"Pennsylvania"
64.5,"Sep",2020,"Rhode Island"
66.4,"Sep",2021,"Rhode Island"
63.6,"Sep",2022,"Rhode Island"
73.3,"Sep",2020,"South Carolina"
73.5,"Sep",2021,"South Carolina"
73.6,"Sep",2022,"South Carolina"
60.4,"Sep",2020,"South Dakota"
65,"Sep",2021,"South Dakota"
65.4,"Sep",2022,"South Dakota"
69.9,"Sep",2020,"Tennessee"
69.7,"Sep",2021,"Tennessee"
69.4,"Sep",2022,"Tennessee"
74.1,"Sep",2020,"Texas"
78.2,"Sep",2021,"Texas"
77.8,"Sep",2022,"Texas"
63.9,"Sep",2020,"Utah"
64.4,"Sep",2021,"Utah"
66.7,"Sep",2022,"Utah"
57.2,"Sep",2020,"Vermont"
59.5,"Sep",2021,"Vermont"
57.6,"Sep",2022,"Vermont"
66.4,"Sep",2020,"Virginia"
68.4,"Sep",2021,"Virginia"
67.8,"Sep",2022,"Virginia"
61.2,"Sep",2020,"Washington"
58,"Sep",2021,"Washington"
61.6,"Sep",2022,"Washington"
64.2,"Sep",2020,"West Virginia"
65.5,"Sep",2021,"West Virginia"
64.2,"Sep",2022,"West Virginia"
57.3,"Sep",2020,"Wisconsin"
61.2,"Sep",2021,"Wisconsin"
60.3,"Sep",2022,"Wisconsin"
55.5,"Sep",2020,"Wyoming"
58.1,"Sep",2021,"Wyoming"
59.7,"Sep",2022,"Wyoming"
42,"Sep",2020,"Alaska"
39.4,"Sep",2021,"Alaska"
42.9,"Sep",2022,"Alaska"
66.9,"Oct",2020,"Alabama"
67.3,"Oct",2021,"Alabama"
61.2,"Oct",2022,"Alabama"
66.2,"Oct",2020,"Arizona"
59.9,"Oct",2021,"Arizona"
61.6,"Oct",2022,"Arizona"
59.4,"Oct",2020,"Arkansas"
65.5,"Oct",2021,"Arkansas"
61.3,"Oct",2022,"Arkansas"
66.2,"Oct",2020,"California"
58.2,"Oct",2021,"California"
64.1,"Oct",2022,"California"
47.1,"Oct",2020,"Colorado"
47.8,"Oct",2021,"Colorado"
47.6,"Oct",2022,"Colorado"
53.2,"Oct",2020,"Connecticut"
56.8,"Oct",2021,"Connecticut"
52.5,"Oct",2022,"Connecticut"
60,"Oct",2020,"Delaware"
63.2,"Oct",2021,"Delaware"
55.3,"Oct",2022,"Delaware"
77.2,"Oct",2020,"Florida"
75.3,"Oct",2021,"Florida"
71.7,"Oct",2022,"Florida"
68.5,"Oct",2020,"Georgia"
67.2,"Oct",2021,"Georgia"
62.1,"Oct",2022,"Georgia"
45.4,"Oct",2020,"Idaho"
45.2,"Oct",2021,"Idaho"
48,"Oct",2022,"Idaho"
52,"Oct",2020,"Illinois"
60.2,"Oct",2021,"Illinois"
53.3,"Oct",2022,"Illinois"
53.1,"Oct",2020,"Indiana"
60.2,"Oct",2021,"Indiana"
53,"Oct",2022,"Indiana"
46,"Oct",2020,"Iowa"
55.5,"Oct",2021,"Iowa"
50.4,"Oct",2022,"Iowa"
52.6,"Oct",2020,"Kansas"
59.1,"Oct",2021,"Kansas"
57.7,"Oct",2022,"Kansas"
57.8,"Oct",2020,"Kentucky"
62.4,"Oct",2021,"Kentucky"
55.1,"Oct",2022,"Kentucky"
68.2,"Oct",2020,"Louisiana"
71.7,"Oct",2021,"Louisiana"
66.4,"Oct",2022,"Louisiana"
44.7,"Oct",2020,"Maine"
50.2,"Oct",2021,"Maine"
49.2,"Oct",2022,"Maine"
59,"Oct",2020,"Maryland"
62.9,"Oct",2021,"Maryland"
54.5,"Oct",2022,"Maryland"
52.4,"Oct",2020,"Massachusetts"
56.3,"Oct",2021,"Massachusetts"
52.5,"Oct",2022,"Massachusetts"
44.4,"Oct",2020,"Michigan"
55.2,"Oct",2021,"Michigan"
48.2,"Oct",2022,"Michigan"
38.9,"Oct",2020,"Minnesota"
51.5,"Oct",2021,"Minnesota"
47,"Oct",2022,"Minnesota"
65.8,"Oct",2020,"Mississippi"
68.3,"Oct",2021,"Mississippi"
63.1,"Oct",2022,"Mississippi"
53.6,"Oct",2020,"Missouri"
60.5,"Oct",2021,"Missouri"
56,"Oct",2022,"Missouri"
39.3,"Oct",2020,"Montana"
45.6,"Oct",2021,"Montana"
47.2,"Oct",2022,"Montana"
46.4,"Oct",2020,"Nebraska"
53.2,"Oct",2021,"Nebraska"
52.2,"Oct",2022,"Nebraska"
55.3,"Oct",2020,"Nevada"
49.6,"Oct",2021,"Nevada"
54.2,"Oct",2022,"Nevada"
47,"Oct",2020,"New Hampshire"
52.1,"Oct",2021,"New Hampshire"
48.6,"Oct",2022,"New Hampshire"
57,"Oct",2020,"New Jersey"
61,"Oct",2021,"New Jersey"
54,"Oct",2022,"New Jersey"
56.6,"Oct",2020,"New Mexico"
55.6,"Oct",2021,"New Mexico"
54,"Oct",2022,"New Mexico"
49,"Oct",2020,"New York"
54.8,"Oct",2021,"New York"
49,"Oct",2022,"New York"
63,"Oct",2020,"North Carolina"
64.4,"Oct",2021,"North Carolina"
57.6,"Oct",2022,"North Carolina"
37.8,"Oct",2020,"North Dakota"
48.6,"Oct",2021,"North Dakota"
46,"Oct",2022,"North Dakota"
53.5,"Oct",2020,"Ohio"
60.3,"Oct",2021,"Ohio"
52.1,"Oct",2022,"Ohio"
58.3,"Oct",2020,"Oklahoma"
64.4,"Oct",2021,"Oklahoma"
62.1,"Oct",2022,"Oklahoma"
51.3,"Oct",2020,"Oregon"
47.6,"Oct",2021,"Oregon"
54.4,"Oct",2022,"Oregon"
52.2,"Oct",2020,"Pennsylvania"
57.7,"Oct",2021,"Pennsylvania"
49.4,"Oct",2022,"Pennsylvania"
54.6,"Oct",2020,"Rhode Island"
58.4,"Oct",2021,"Rhode Island"
54.4,"Oct",2022,"Rhode Island"
67.4,"Oct",2020,"South Carolina"
66.8,"Oct",2021,"South Carolina"
60.8,"Oct",2022,"South Carolina"
41.2,"Oct",2020,"South Dakota"
51.2,"Oct",2021,"South Dakota"
49.4,"Oct",2022,"South Dakota"
60.4,"Oct",2020,"Tennessee"
63.4,"Oct",2021,"Tennessee"
56.3,"Oct",2022,"Tennessee"
65.9,"Oct",2020,"Texas"
69.8,"Oct",2021,"Texas"
66.4,"Oct",2022,"Texas"
52.8,"Oct",2020,"Utah"
47.9,"Oct",2021,"Utah"
51,"Oct",2022,"Utah"
46.4,"Oct",2020,"Vermont"
51.6,"Oct",2021,"Vermont"
47.9,"Oct",2022,"Vermont"
59,"Oct",2020,"Virginia"
62.3,"Oct",2021,"Virginia"
53.8,"Oct",2022,"Virginia"
48.4,"Oct",2020,"Washington"
46.6,"Oct",2021,"Washington"
53.6,"Oct",2022,"Washington"
55.4,"Oct",2020,"West Virginia"
59.4,"Oct",2021,"West Virginia"
50.3,"Oct",2022,"West Virginia"
41.3,"Oct",2020,"Wisconsin"
53.5,"Oct",2021,"Wisconsin"
47.2,"Oct",2022,"Wisconsin"
41.2,"Oct",2020,"Wyoming"
43.9,"Oct",2021,"Wyoming"
44.6,"Oct",2022,"Wyoming"
28.9,"Oct",2020,"Alaska"
27.9,"Oct",2021,"Alaska"
28.6,"Oct",2022,"Alaska"
58.4,"Nov",2020,"Alabama"
52.2,"Nov",2021,"Alabama"
55.4,"Nov",2022,"Alabama"
53.5,"Nov",2020,"Arizona"
55.8,"Nov",2021,"Arizona"
46.1,"Nov",2022,"Arizona"
54,"Nov",2020,"Arkansas"
49.4,"Nov",2021,"Arkansas"
49.8,"Nov",2022,"Arkansas"
50.9,"Nov",2020,"California"
54.8,"Nov",2021,"California"
46.5,"Nov",2022,"California"
38.5,"Nov",2020,"Colorado"
40.7,"Nov",2021,"Colorado"
31.3,"Nov",2022,"Colorado"
45.4,"Nov",2020,"Connecticut"
41,"Nov",2021,"Connecticut"
45.2,"Nov",2022,"Connecticut"
51.8,"Nov",2020,"Delaware"
45.1,"Nov",2021,"Delaware"
49.5,"Nov",2022,"Delaware"
70.8,"Nov",2020,"Florida"
63.4,"Nov",2021,"Florida"
69.7,"Nov",2022,"Florida"
60.4,"Nov",2020,"Georgia"
52.7,"Nov",2021,"Georgia"
57.5,"Nov",2022,"Georgia"
32.7,"Nov",2020,"Idaho"
36.7,"Nov",2021,"Idaho"
26.1,"Nov",2022,"Idaho"
47.1,"Nov",2020,"Illinois"
40.9,"Nov",2021,"Illinois"
43,"Nov",2022,"Illinois"
46.7,"Nov",2020,"Indiana"
40,"Nov",2021,"Indiana"
43.2,"Nov",2022,"Indiana"
42,"Nov",2020,"Iowa"
39.2,"Nov",2021,"Iowa"
37.1,"Nov",2022,"Iowa"
48.1,"Nov",2020,"Kansas"
46.7,"Nov",2021,"Kansas"
41.1,"Nov",2022,"Kansas"
49.9,"Nov",2020,"Kentucky"
43.4,"Nov",2021,"Kentucky"
47,"Nov",2022,"Kentucky"
61.9,"Nov",2020,"Louisiana"
56.4,"Nov",2021,"Louisiana"
58.2,"Nov",2022,"Louisiana"
37,"Nov",2020,"Maine"
35.3,"Nov",2021,"Maine"
37.4,"Nov",2022,"Maine"
50.9,"Nov",2020,"Maryland"
44.4,"Nov",2021,"Maryland"
48.7,"Nov",2022,"Maryland"
44.7,"Nov",2020,"Massachusetts"
40.8,"Nov",2021,"Massachusetts"
44.8,"Nov",2022,"Massachusetts"
41.1,"Nov",2020,"Michigan"
36.3,"Nov",2021,"Michigan"
38.7,"Nov",2022,"Michigan"
33.9,"Nov",2020,"Minnesota"
32.2,"Nov",2021,"Minnesota"
30.1,"Nov",2022,"Minnesota"
58.4,"Nov",2020,"Mississippi"
52.7,"Nov",2021,"Mississippi"
55,"Nov",2022,"Mississippi"
49.6,"Nov",2020,"Missouri"
45.5,"Nov",2021,"Missouri"
44.3,"Nov",2022,"Missouri"
32.8,"Nov",2020,"Montana"
36.3,"Nov",2021,"Montana"
22.6,"Nov",2022,"Montana"
42.6,"Nov",2020,"Nebraska"
42.6,"Nov",2021,"Nebraska"
34.4,"Nov",2022,"Nebraska"
40.5,"Nov",2020,"Nevada"
45.2,"Nov",2021,"Nevada"
34,"Nov",2022,"Nevada"
38.5,"Nov",2020,"New Hampshire"
35.9,"Nov",2021,"New Hampshire"
39.5,"Nov",2022,"New Hampshire"
49.2,"Nov",2020,"New Jersey"
43.6,"Nov",2021,"New Jersey"
47.6,"Nov",2022,"New Jersey"
47.5,"Nov",2020,"New Mexico"
47.6,"Nov",2021,"New Mexico"
40.4,"Nov",2022,"New Mexico"
41.9,"Nov",2020,"New York"
37,"Nov",2021,"New York"
41,"Nov",2022,"New York"
54.8,"Nov",2020,"North Carolina"
48.1,"Nov",2021,"North Carolina"
53.4,"Nov",2022,"North Carolina"
31.8,"Nov",2020,"North Dakota"
32.6,"Nov",2021,"North Dakota"
23.1,"Nov",2022,"North Dakota"
46.4,"Nov",2020,"Ohio"
40.5,"Nov",2021,"Ohio"
44,"Nov",2022,"Ohio"
53.5,"Nov",2020,"Oklahoma"
51.2,"Nov",2021,"Oklahoma"
47.4,"Nov",2022,"Oklahoma"
38.3,"Nov",2020,"Oregon"
41.9,"Nov",2021,"Oregon"
33.2,"Nov",2022,"Oregon"
44.8,"Nov",2020,"Pennsylvania"
39,"Nov",2021,"Pennsylvania"
42.8,"Nov",2022,"Pennsylvania"
47.5,"Nov",2020,"Rhode Island"
42.9,"Nov",2021,"Rhode Island"
46.7,"Nov",2022,"Rhode Island"
59.3,"Nov",2020,"South Carolina"
51.6,"Nov",2021,"South Carolina"
56.9,"Nov",2022,"South Carolina"
38.6,"Nov",2020,"South Dakota"
38.2,"Nov",2021,"South Dakota"
29,"Nov",2022,"South Dakota"
51.9,"Nov",2020,"Tennessee"
45.6,"Nov",2021,"Tennessee"
49,"Nov",2022,"Tennessee"
60.6,"Nov",2020,"Texas"
57.3,"Nov",2021,"Texas"
54,"Nov",2022,"Texas"
38.8,"Nov",2020,"Utah"
42.5,"Nov",2021,"Utah"
32.1,"Nov",2022,"Utah"
37.9,"Nov",2020,"Vermont"
34.3,"Nov",2021,"Vermont"
38.5,"Nov",2022,"Vermont"
51.3,"Nov",2020,"Virginia"
44.5,"Nov",2021,"Virginia"
49,"Nov",2022,"Virginia"
37.6,"Nov",2020,"Washington"
39.9,"Nov",2021,"Washington"
32,"Nov",2022,"Washington"
47.5,"Nov",2020,"West Virginia"
40.9,"Nov",2021,"West Virginia"
45,"Nov",2022,"West Virginia"
38.6,"Nov",2020,"Wisconsin"
33.9,"Nov",2021,"Wisconsin"
35.3,"Nov",2022,"Wisconsin"
33.1,"Nov",2020,"Wyoming"
36.6,"Nov",2021,"Wyoming"
24.7,"Nov",2022,"Wyoming"
14.5,"Nov",2020,"Alaska"
4.6,"Nov",2021,"Alaska"
16.4,"Nov",2022,"Alaska"
45.9,"Dec",2020,"Alabama"
56.8,"Dec",2021,"Alabama"
49.1,"Dec",2022,"Alabama"
42,"Dec",2020,"Arizona"
45.6,"Dec",2021,"Arizona"
42.9,"Dec",2022,"Arizona"
42.6,"Dec",2020,"Arkansas"
53.4,"Dec",2021,"Arkansas"
43.3,"Dec",2022,"Arkansas"
45.5,"Dec",2020,"California"
43.5,"Dec",2021,"California"
43.1,"Dec",2022,"California"
26.7,"Dec",2020,"Colorado"
32.4,"Dec",2021,"Colorado"
25.6,"Dec",2022,"Colorado"
33.6,"Dec",2020,"Connecticut"
37,"Dec",2021,"Connecticut"
33.6,"Dec",2022,"Connecticut"
39.7,"Dec",2020,"Delaware"
44,"Dec",2021,"Delaware"
37.5,"Dec",2022,"Delaware"
57.6,"Dec",2020,"Florida"
66.5,"Dec",2021,"Florida"
61.3,"Dec",2022,"Florida"
46.4,"Dec",2020,"Georgia"
56.6,"Dec",2021,"Georgia"
49,"Dec",2022,"Georgia"
26.2,"Dec",2020,"Idaho"
26.5,"Dec",2021,"Idaho"
22.7,"Dec",2022,"Idaho"
33,"Dec",2020,"Illinois"
40.2,"Dec",2021,"Illinois"
30.3,"Dec",2022,"Illinois"
33.6,"Dec",2020,"Indiana"
40.5,"Dec",2021,"Indiana"
31.7,"Dec",2022,"Indiana"
27.2,"Dec",2020,"Iowa"
31.9,"Dec",2021,"Iowa"
21.3,"Dec",2022,"Iowa"
35.9,"Dec",2020,"Kansas"
41.1,"Dec",2021,"Kansas"
30.7,"Dec",2022,"Kansas"
37.3,"Dec",2020,"Kentucky"
47.6,"Dec",2021,"Kentucky"
37.9,"Dec",2022,"Kentucky"
50.9,"Dec",2020,"Louisiana"
62.4,"Dec",2021,"Louisiana"
54.2,"Dec",2022,"Louisiana"
27.2,"Dec",2020,"Maine"
24.5,"Dec",2021,"Maine"
27.6,"Dec",2022,"Maine"
38.3,"Dec",2020,"Maryland"
43.8,"Dec",2021,"Maryland"
36.5,"Dec",2022,"Maryland"
33.1,"Dec",2020,"Massachusetts"
36,"Dec",2021,"Massachusetts"
33.2,"Dec",2022,"Massachusetts"
28.6,"Dec",2020,"Michigan"
30.1,"Dec",2021,"Michigan"
26.9,"Dec",2022,"Michigan"
21,"Dec",2020,"Minnesota"
18.2,"Dec",2021,"Minnesota"
12.6,"Dec",2022,"Minnesota"
47,"Dec",2020,"Mississippi"
58.6,"Dec",2021,"Mississippi"
50.1,"Dec",2022,"Mississippi"
36.3,"Dec",2020,"Missouri"
44.7,"Dec",2021,"Missouri"
33,"Dec",2022,"Missouri"
28.5,"Dec",2020,"Montana"
19.3,"Dec",2021,"Montana"
14.6,"Dec",2022,"Montana"
31.3,"Dec",2020,"Nebraska"
33.8,"Dec",2021,"Nebraska"
22.6,"Dec",2022,"Nebraska"
32.4,"Dec",2020,"Nevada"
32.4,"Dec",2021,"Nevada"
31.5,"Dec",2022,"Nevada"
28,"Dec",2020,"New Hampshire"
28.9,"Dec",2021,"New Hampshire"
28.4,"Dec",2022,"New Hampshire"
37,"Dec",2020,"New Jersey"
41.2,"Dec",2021,"New Jersey"
35.6,"Dec",2022,"New Jersey"
35,"Dec",2020,"New Mexico"
42,"Dec",2021,"New Mexico"
37.4,"Dec",2022,"New Mexico"
29.8,"Dec",2020,"New York"
32.8,"Dec",2021,"New York"
29,"Dec",2022,"New York"
42.2,"Dec",2020,"North Carolina"
50.8,"Dec",2021,"North Carolina"
41.9,"Dec",2022,"North Carolina"
23.4,"Dec",2020,"North Dakota"
14,"Dec",2021,"North Dakota"
6.7,"Dec",2022,"North Dakota"
33.6,"Dec",2020,"Ohio"
40.2,"Dec",2021,"Ohio"
32.7,"Dec",2022,"Ohio"
41,"Dec",2020,"Oklahoma"
50.4,"Dec",2021,"Oklahoma"
40,"Dec",2022,"Oklahoma"
34.2,"Dec",2020,"Oregon"
32.4,"Dec",2021,"Oregon"
30.3,"Dec",2022,"Oregon"
32.1,"Dec",2020,"Pennsylvania"
37.6,"Dec",2021,"Pennsylvania"
30.6,"Dec",2022,"Pennsylvania"
35.7,"Dec",2020,"Rhode Island"
38.6,"Dec",2021,"Rhode Island"
35.4,"Dec",2022,"Rhode Island"
45.6,"Dec",2020,"South Carolina"
54.6,"Dec",2021,"South Carolina"
46,"Dec",2022,"South Carolina"
28.3,"Dec",2020,"South Dakota"
24.5,"Dec",2021,"South Dakota"
15.1,"Dec",2022,"South Dakota"
39.5,"Dec",2020,"Tennessee"
50.4,"Dec",2021,"Tennessee"
40.9,"Dec",2022,"Tennessee"
48.5,"Dec",2020,"Texas"
59.1,"Dec",2021,"Texas"
49.9,"Dec",2022,"Texas"
27.2,"Dec",2020,"Utah"
31.1,"Dec",2021,"Utah"
28,"Dec",2022,"Utah"
27.3,"Dec",2020,"Vermont"
28.2,"Dec",2021,"Vermont"
27.1,"Dec",2022,"Vermont"
38.4,"Dec",2020,"Virginia"
45.8,"Dec",2021,"Virginia"
37.2,"Dec",2022,"Virginia"
33.7,"Dec",2020,"Washington"
29.4,"Dec",2021,"Washington"
26.3,"Dec",2022,"Washington"
34.3,"Dec",2020,"West Virginia"
42.6,"Dec",2021,"West Virginia"
34.5,"Dec",2022,"West Virginia"
24.2,"Dec",2020,"Wisconsin"
24.8,"Dec",2021,"Wisconsin"
19.1,"Dec",2022,"Wisconsin"
24.5,"Dec",2020,"Wyoming"
26.2,"Dec",2021,"Wyoming"
19,"Dec",2022,"Wyoming"
10.6,"Dec",2020,"Alaska"
6.8,"Dec",2021,"Alaska"
7.5,"Dec",2022,"Alaska"
